,loan_status
103428,0
826129,0
88614,0
185698,0
190785,0
455579,0
30331,0
860127,0
279280,0
200495,0
306054,0
222856,1
161786,0
26627,0
18823,0
202555,1
182539,0
343202,0
685731,1
115333,0
158502,0
882503,0
332386,0
204629,0
409940,0
157215,0
133995,0
261672,0
191490,0
423566,0
357555,0
9855,0
314807,0
323753,0
50747,0
873977,0
449772,1
245796,1
37311,0
259725,0
27486,0
8472,1
47077,0
114069,1
313878,0
91997,0
176130,0
781432,1
273969,0
195015,0
183515,0
164576,0
452557,0
192452,0
227617,0
229236,0
61951,0
455878,0
39640,0
24082,0
245290,0
16429,0
145346,0
27786,0
175313,1
173176,1
423559,1
224409,0
228602,0
401635,1
324566,0
98727,0
38008,0
207813,0
67957,0
193595,0
178424,0
397794,0
383088,0
437994,1
757658,0
383605,0
3760,1
825744,0
22198,0
107056,1
191396,1
101525,0
860507,0
86115,0
151499,0
365502,0
286346,0
112066,1
45850,0
428559,0
39801,0
87628,0
187816,0
42111,0
8669,0
86847,0
38753,0
241926,0
138251,0
94828,0
826269,0
354532,0
444067,0
846144,0
31264,0
381402,0
95260,0
182258,0
370960,0
450474,0
239371,0
255432,0
322676,0
451050,0
879477,0
828805,0
37159,0
12562,0
4117,0
114581,1
162080,0
44852,0
315359,0
174864,0
61766,0
104455,0
832746,1
227832,0
358150,0
1746,0
354137,0
409148,0
136679,1
190166,0
170747,0
196241,0
20140,1
293390,1
156199,1
260254,0
130256,1
328709,1
180128,1
291163,0
213344,1
96097,0
223599,0
21310,0
254981,1
174727,0
299683,1
136720,0
258458,0
5677,0
169624,0
83488,1
69215,0
38091,0
238863,0
234305,1
108316,0
406884,0
29348,0
799572,1
84896,1
425302,0
322978,0
29355,0
285156,0
107702,0
64301,0
11664,0
319561,0
190651,0
415721,0
210463,0
206004,0
6561,1
148013,0
303287,0
132179,1
365814,1
8300,0
222838,0
166722,1
195494,0
210272,1
152051,0
875399,0
423759,0
176505,0
816574,1
29827,0
74673,1
33025,0
449803,0
373144,0
35579,0
162883,1
420864,0
39777,0
308006,1
377516,0
472,0
326378,1
252898,0
154417,0
185063,0
395090,0
175335,0
461215,0
168289,0
758782,0
219615,0
457667,1
22788,0
546864,0
53354,0
447639,0
342687,0
377852,0
402150,0
453774,1
97267,0
81146,0
38671,0
181158,0
132244,0
107804,1
44945,0
130213,1
69089,0
229051,0
227159,1
226257,1
14225,0
860187,1
155671,0
196710,0
13713,0
452337,0
168726,1
820453,0
3312,0
833182,0
90613,0
190252,0
108183,0
145395,0
69051,0
14921,0
67302,0
206139,0
350830,1
341958,0
426965,0
201903,0
165560,0
65024,0
226523,0
212676,0
285079,0
265628,1
780511,0
204806,0
225862,0
163732,1
793464,1
201280,0
180693,0
32175,0
98803,1
320095,0
34748,0
443133,0
220634,0
32494,0
737603,0
834903,0
167822,0
329958,0
424103,0
42245,1
227205,0
107549,0
845203,0
355320,0
823524,1
21906,0
73667,1
190882,1
36237,0
404311,0
220497,1
152576,1
19895,0
224859,0
153517,1
215314,0
105290,1
81944,0
397540,1
85423,0
437947,0
163960,0
253729,1
113732,0
307836,0
168831,0
40560,0
106696,0
16339,0
245607,0
867367,0
100800,0
247,0
682174,0
17532,0
224250,0
854567,0
114161,1
29636,0
105255,0
341988,1
2258,0
350039,0
844609,1
362789,0
219311,0
589084,0
37448,0
622200,0
463662,0
445451,0
196256,0
224337,0
105881,0
188505,1
422126,0
205350,0
719898,0
134857,0
96209,1
10936,0
67567,0
172215,0
402394,0
32466,1
7148,0
22418,0
163608,0
321683,1
219550,0
167375,0
40922,0
18865,0
7241,0
312383,1
101248,0
140716,1
213051,0
214994,1
213836,0
137930,0
7022,0
315125,0
332245,0
204489,0
358152,1
97406,0
179129,0
225077,0
67092,0
20076,0
729458,0
298904,0
431037,0
226704,0
226591,1
144064,1
420549,0
395568,1
23360,0
327914,1
37061,0
173337,0
101028,0
125808,0
137540,0
393947,0
203682,0
383489,0
450594,0
207942,0
157373,0
166805,0
2206,0
221959,0
16359,1
394149,0
795404,1
54277,0
89608,0
427911,0
151276,0
199596,0
656197,0
451843,0
2477,0
32058,0
71346,0
392575,0
27417,0
281080,1
402199,1
143723,0
34348,0
153786,0
93189,0
17778,0
113505,0
739634,0
188352,0
31837,0
426532,0
145803,1
439308,0
345099,0
75340,0
287702,1
8811,0
20449,0
198243,1
160524,0
460997,1
135042,0
97829,0
20146,0
182249,0
55652,0
854239,1
135223,0
604660,0
372938,0
411760,1
59555,0
118281,0
363475,0
455387,0
80223,0
42429,0
31890,0
184673,0
74892,0
187828,0
184811,0
215731,0
200346,0
80139,1
52630,0
326622,0
24566,0
68938,0
343712,1
338471,0
94841,1
217460,0
792940,0
225994,0
319453,0
226659,0
87024,0
224340,0
390623,1
348537,0
3214,1
32957,1
416846,1
174587,1
174666,0
361974,1
194737,0
431942,1
350884,0
47744,0
26712,0
422832,0
462126,0
392052,0
14861,0
189301,0
31117,0
374532,0
797279,0
617758,0
37577,1
192077,0
246554,1
211054,0
291693,0
832740,0
139751,0
216395,0
224955,0
19541,0
759324,0
57823,0
216975,0
437546,0
400939,1
21058,0
28748,0
389568,0
45137,0
80712,0
388780,0
222539,0
42515,0
189374,1
833210,0
191233,0
191145,0
225377,0
140300,0
422925,0
132756,0
175272,0
99880,0
10288,0
234539,0
880335,0
42187,1
216684,0
95340,0
7959,0
149427,0
341464,0
83462,0
430822,0
223305,0
166621,1
430138,1
224466,0
397298,0
433005,0
185549,1
20761,0
156438,0
282474,0
63542,0
23850,0
761668,0
198345,0
450817,0
43153,0
760259,0
102066,0
233314,1
35308,0
354726,0
601,1
312901,0
200984,0
255630,0
261845,0
197182,0
64839,0
121743,0
203297,0
380795,0
329559,0
117430,0
187304,0
168245,0
325393,1
194854,0
298031,0
217879,0
424345,1
225493,0
21754,0
345782,0
425531,1
280232,1
341628,1
116226,0
225352,1
135480,1
152050,1
356764,0
14633,0
26380,0
54825,0
863477,0
103295,0
394918,0
150601,0
272885,1
849868,1
176687,0
53779,0
419113,1
224972,0
305770,0
311128,0
747392,0
208861,0
27845,0
194336,0
197777,0
206341,0
186319,0
101688,0
110943,0
13494,0
461294,0
307085,1
13200,0
110673,1
135142,0
408311,0
17063,0
27648,0
147253,1
407029,0
38733,0
214182,0
179277,0
517240,0
852422,0
88963,0
156845,1
3141,0
207069,1
12373,1
464206,0
227913,0
205230,0
416634,0
883445,0
187980,0
186891,1
243917,1
178630,0
92313,0
152611,0
207767,0
195874,0
24010,0
76652,0
189226,0
167395,0
40337,0
197141,0
152266,0
283273,1
167924,0
79018,0
36072,0
837982,1
370621,0
174591,0
43322,0
373625,0
195368,0
58491,1
203816,0
249529,0
222607,0
189457,0
380403,1
196642,0
17088,1
332521,0
392597,0
351048,0
167940,1
151717,0
30182,1
96032,0
386154,1
465000,0
401832,0
216438,0
55077,0
57343,0
384347,1
11870,1
66298,0
259748,1
242871,0
22791,0
382338,0
186277,0
180066,0
73245,0
340071,1
181479,0
367995,0
146775,0
77729,0
88408,0
360065,0
87571,0
121452,1
345970,0
352368,0
187525,0
80949,0
174771,0
194558,0
358949,0
175999,0
143995,1
407742,0
422234,1
443203,1
219293,0
785358,0
176262,0
106196,0
86981,1
99361,0
41957,1
112636,1
235198,0
197662,0
225025,0
219418,0
397732,1
261355,0
640215,0
457335,0
39217,0
86324,1
273432,0
441052,0
140936,0
877874,0
406268,1
213801,0
225069,1
223056,0
227343,1
84001,0
26756,0
214410,0
356216,0
11784,0
222228,0
37834,0
390516,0
226155,0
159475,0
555248,0
70980,1
315998,0
17227,0
198738,0
369673,0
795832,0
58501,0
437471,0
123235,0
100433,0
174805,0
401145,0
160224,0
61966,0
887364,0
35367,0
109546,0
21463,0
260613,1
423275,0
121239,0
21759,0
117213,0
129621,0
278171,1
231860,0
295499,0
153094,1
176187,0
12541,1
230621,0
726357,0
112267,0
146699,1
146784,0
99564,0
283618,0
226815,1
119115,0
108670,0
221943,0
125354,0
417055,0
821512,0
175526,0
435640,0
96317,0
71,1
107177,0
122757,0
175802,0
167833,0
316838,0
435877,0
336850,0
166041,0
400697,0
149329,0
183635,0
357063,1
38224,0
22870,0
106736,0
20157,0
164550,0
16732,1
63890,0
197640,0
156599,0
296643,0
208340,0
189403,0
13943,0
379625,0
447568,0
138373,0
131162,1
112942,0
24591,0
143392,0
49277,1
179740,1
499,0
149005,0
190403,0
243524,0
25565,0
316574,0
197794,0
437861,0
129138,1
314038,0
167525,1
460446,0
159709,0
214894,0
354374,0
431369,0
37921,0
194009,0
78335,1
374282,0
219438,0
157335,1
224916,1
77722,1
360341,0
8794,1
112084,0
32984,0
181060,0
18750,0
404383,0
28134,0
192024,0
223909,0
185114,0
97422,0
398907,0
460689,0
178874,0
212407,0
210159,0
56373,0
343314,1
196062,0
30165,0
154925,0
154099,0
854003,0
306155,0
412006,0
21153,0
453775,0
108168,1
33297,0
567106,0
265826,1
35979,1
453910,1
466163,0
209271,0
409554,0
440563,0
37353,0
421049,0
276497,0
356488,0
407745,0
209303,0
293078,0
141384,0
73308,0
114960,1
358311,0
291927,0
44858,0
248560,0
461698,0
862457,0
446546,0
33255,0
205972,0
361769,0
125672,0
181241,0
16960,0
455794,0
34329,0
93234,1
213731,0
211040,0
225702,0
377361,1
219997,0
214893,0
186303,0
46607,0
173048,0
230489,0
118465,0
190391,0
146518,0
447439,0
194274,0
102863,1
876195,0
243069,0
159826,0
20636,0
203895,0
210675,0
248951,0
188550,0
56105,0
198212,1
147755,0
324048,0
203856,0
217867,0
299021,0
268866,0
339708,0
72841,1
456862,1
81093,0
159086,1
424667,1
456843,0
341422,0
865895,0
452152,0
24378,0
79438,0
217700,1
16595,0
102805,0
252308,0
116453,1
522171,0
582952,0
404529,0
122311,1
233519,0
295405,0
879378,0
388325,0
169322,0
409914,0
204737,0
323521,0
370135,1
300301,0
38081,0
220329,0
419715,0
127750,0
10353,0
823688,0
21409,0
695871,0
109215,0
49334,0
193901,0
140741,0
234684,1
765643,0
126243,0
191549,0
229487,0
432625,0
288938,1
91979,0
432043,0
42612,0
462023,0
110548,0
29556,0
423016,1
199865,0
172722,0
281482,0
510483,0
247045,0
111011,0
74920,0
47331,0
211982,0
364535,0
18476,0
83516,0
174219,0
171646,1
174155,0
146159,0
202869,0
1335,0
102948,0
172853,1
417880,0
27186,0
85220,0
73081,1
26277,0
174801,1
411617,0
397431,0
149241,0
369178,1
89570,0
288256,0
40170,0
201320,0
137838,0
808325,1
677824,0
249118,0
217747,0
148637,0
267025,0
207557,0
378754,0
62650,0
167039,0
332000,0
208790,0
3648,0
55919,0
189322,0
44298,0
65440,0
47817,0
615080,0
206768,1
433783,0
271260,0
199938,1
10282,0
104554,0
312709,1
4896,1
418672,0
198068,0
752788,1
185526,0
339996,0
228693,0
158360,0
58680,0
226772,0
205260,0
407823,1
28818,0
428849,1
350574,0
79200,0
38440,0
127611,0
444478,0
207840,0
196696,0
50094,0
44104,0
270327,0
107180,1
380193,0
56781,1
848639,0
103317,0
226506,1
213139,0
786321,0
114637,0
454162,0
193712,0
131584,0
201989,0
142106,0
186879,0
405839,0
136978,1
29732,0
211122,0
305919,1
173495,0
307278,0
22601,0
182802,0
400644,1
149215,1
863659,0
145102,1
461340,1
20245,0
151797,0
220088,1
10970,0
87172,0
216790,0
15028,0
173025,0
187768,0
357736,0
280643,0
4050,1
426660,0
25310,0
104203,0
448248,0
744794,1
180797,1
197496,0
210962,0
172454,0
766218,0
444,0
127121,0
254590,0
56409,1
190841,0
211468,0
356824,0
434314,0
21800,0
22672,0
368483,0
301769,0
191831,0
26016,0
70093,0
52769,1
55019,0
833219,1
55339,0
512258,0
873419,0
89785,0
349678,0
7505,0
177672,0
22234,0
314804,0
312101,0
619483,0
139049,1
218330,0
416725,1
74352,0
208891,0
258541,1
186592,1
146988,0
197981,0
212564,0
64324,0
7964,0
224608,0
460456,0
218932,0
137719,0
8336,0
113195,0
29590,0
189473,0
215654,0
325866,0
63149,0
229708,0
850291,0
26658,0
449599,0
444344,1
412633,0
20579,0
66665,0
23909,0
179895,0
395064,0
198670,0
286568,0
128926,0
15037,0
145958,0
38386,0
68797,1
787871,0
353862,0
83995,0
589876,0
320074,0
802426,0
114178,1
459026,1
380808,0
436824,0
321688,0
330295,0
712038,0
400121,0
137828,0
861374,0
182889,0
40548,0
166491,0
116958,0
192728,0
220430,1
464140,0
105623,1
209858,0
210541,0
54800,0
455948,0
88320,0
156167,0
9390,1
224987,0
192088,0
356437,0
489193,0
284905,0
41580,0
179377,0
215753,0
151059,0
415606,0
35477,1
117331,0
863085,1
108782,0
220406,0
136206,0
42090,0
98773,0
775449,0
26987,0
44627,0
32854,1
110978,0
3521,0
198050,0
77105,0
91594,0
4630,0
2341,0
144493,0
10586,0
187633,0
886300,0
267799,0
701072,0
227956,1
86217,0
104962,0
254009,0
143814,0
279698,0
26194,0
149040,0
165842,0
124351,0
85269,0
303858,1
63329,0
380128,0
208866,1
373847,1
841227,0
33601,0
418758,0
377338,0
40119,0
68137,0
19940,0
124785,0
327565,0
400684,0
136304,0
43474,0
429603,1
172997,0
137302,0
179600,0
345082,0
130627,0
189111,0
390421,0
58820,0
41010,0
413754,0
27550,0
28837,0
195748,1
421344,0
185014,0
328769,0
124133,0
175132,1
397199,0
875464,0
202087,0
93562,0
121090,0
282256,0
18819,0
229468,1
419154,1
450513,0
404015,0
29748,0
120781,0
221253,0
321674,0
270059,0
441231,0
49270,0
227297,0
339241,0
148225,0
105497,0
825890,1
200888,0
188450,1
229401,1
67286,1
222627,0
804126,0
196690,0
182183,0
182182,0
220023,0
796095,0
78552,0
457934,1
350234,0
151080,0
221143,0
117622,0
752881,0
282919,0
303528,0
96990,0
58410,0
723765,0
15395,0
103369,1
247697,0
163283,0
30242,0
90499,0
69179,0
712683,0
840403,0
171995,1
99025,1
66341,0
391040,0
86538,1
432924,0
376286,0
50457,0
40266,0
195209,1
182704,0
314394,0
89621,0
220831,1
40697,1
400664,0
156500,0
199505,1
187793,0
312095,0
40850,1
304671,0
32489,0
198701,0
238268,0
207714,0
281856,0
39433,0
185984,0
349425,1
218705,0
82207,0
459260,0
747426,1
497268,0
313592,0
138470,0
835805,0
113417,0
279325,0
236216,0
864751,0
11347,0
145636,0
15906,0
416186,1
382243,0
268096,0
221651,1
108011,0
163060,1
171969,1
11084,0
280648,1
266374,1
172960,0
197717,0
75485,1
201813,0
369491,0
124904,1
133543,0
181140,0
825682,0
355266,0
134092,0
801629,0
434437,0
24836,0
209844,1
390081,0
107256,0
205573,1
235926,0
138216,0
254399,0
391919,0
185622,0
145042,0
121434,0
50158,0
357325,0
823829,0
835118,0
179905,0
456443,0
395681,0
723305,0
19178,0
13175,0
230293,0
178880,0
118450,1
35947,0
828123,0
386756,0
2559,0
176016,0
368335,0
33151,0
198644,0
99242,1
326643,0
18797,1
29765,0
324081,0
81426,1
407413,0
34228,0
220610,0
198902,0
206162,1
815372,0
98305,0
168030,0
103758,0
376328,1
35333,0
882837,0
244849,0
221606,0
61131,1
443461,0
52100,0
225464,0
404181,0
364856,0
34212,0
177237,0
244898,1
132687,0
414511,0
189090,0
385651,0
24384,0
21414,0
164126,0
962,0
383484,0
448632,1
74423,0
228549,0
386894,0
3445,1
785104,0
32449,0
418322,0
670547,0
49341,0
156840,0
264623,0
762827,0
448549,0
221630,0
2547,1
213618,1
685686,0
327612,0
370188,1
388020,0
273824,0
96866,0
80876,0
427476,0
334089,0
819570,0
40762,0
460241,1
326619,0
530097,0
98043,0
117826,1
27809,0
43037,0
156265,0
184036,0
87803,0
109126,0
86592,0
202189,0
871197,1
12617,1
632209,0
345232,1
46619,0
407845,1
134313,0
16585,0
190549,0
200032,1
166323,0
655335,1
4565,0
840319,0
97264,0
743480,0
88710,0
203236,0
182233,0
117215,1
106875,1
369474,1
361000,0
123515,1
188148,0
369780,0
607094,0
880270,0
25146,0
116555,0
13892,0
293864,0
145383,0
100083,0
317211,0
154523,0
39793,0
208417,0
459223,0
223063,0
409217,0
648132,0
303064,0
296657,0
842318,0
54112,1
458074,1
169051,0
165772,0
218786,0
37015,0
176890,0
202275,0
335995,0
166283,0
271811,0
298782,0
145930,0
222474,0
173162,0
766669,0
32352,0
58550,0
411651,0
26015,0
7011,1
13265,0
159615,0
111637,0
870981,1
391723,1
110697,0
15397,0
202659,0
129225,0
434242,0
4829,0
183855,1
158334,1
186855,1
215164,1
140336,0
144464,0
436967,0
347275,0
371680,1
88584,1
884513,0
172172,1
484130,0
426843,0
132734,0
4934,1
405786,1
226188,0
680015,0
400658,0
114634,0
47741,1
216520,0
229136,0
137146,0
32650,0
848136,1
217438,0
435501,1
217836,0
28668,0
240145,0
209267,0
200662,1
207879,0
105811,0
333232,1
310416,0
198759,1
360791,0
434099,0
167979,1
203627,0
443487,0
344359,0
408483,0
363620,0
26025,0
121863,0
202967,0
446749,0
390043,1
197887,0
457256,0
255268,0
27414,0
18434,0
358790,0
99477,1
196346,0
26514,0
882361,0
368256,0
15912,0
440861,0
435950,0
101793,0
204292,0
22591,0
403502,1
144918,1
3562,0
6475,0
126987,0
34805,0
214312,0
146022,1
243577,0
172818,0
354555,1
352595,0
148720,1
453296,0
176216,0
23449,0
216278,0
464324,0
175514,0
9594,0
435111,0
248481,0
276405,0
215289,0
188627,0
867947,0
152059,1
310575,0
23375,0
350227,0
108594,0
176982,0
459314,0
853539,0
127964,0
317778,0
381537,0
33814,0
389345,0
845600,0
220126,0
225848,0
882082,0
171658,0
109836,0
176690,0
59437,0
86711,1
425435,1
278249,0
439815,0
404072,0
16175,0
23165,0
830118,0
85609,0
341385,0
349152,0
326070,0
389195,0
209098,0
168947,0
101439,0
202460,0
38471,0
58497,1
88797,0
22603,0
24992,0
73906,1
420253,0
397640,0
208885,0
415869,0
701928,0
124919,0
454994,1
419475,0
456135,0
441505,0
397136,0
337932,0
31580,0
151707,0
839933,1
16354,0
394128,0
150314,0
426964,0
16916,0
29764,0
177511,0
118397,0
249102,0
29958,0
426471,0
115726,1
369344,1
149349,0
380317,1
217539,0
222237,0
181461,0
340514,0
416084,0
463585,0
390878,1
42353,1
191086,0
27660,0
796101,0
206461,0
183684,1
783456,0
7821,0
464226,1
20642,0
102800,0
95191,0
126467,0
13186,0
743390,0
34770,0
13605,0
34713,1
215270,0
220094,0
116498,0
862992,0
109910,1
194117,0
89800,0
32918,0
429668,0
172562,0
170574,0
172829,0
2651,0
357664,0
210978,0
125822,0
868896,0
184164,0
210137,0
37780,0
870916,0
453432,0
174259,0
441066,0
182728,0
331161,1
122762,1
109395,1
144735,0
21748,0
409902,1
202432,0
100802,0
115262,0
338193,0
40220,0
258925,0
222320,0
126976,0
66305,0
3973,0
250302,0
465641,0
633798,0
882691,1
13857,0
567067,0
48370,0
436318,0
202714,0
833273,1
189802,1
246219,1
212202,0
381533,0
373054,0
212065,0
166808,0
17581,0
205398,0
238055,0
30655,1
240958,0
122946,0
361245,0
153297,1
330352,0
315299,0
50576,0
294500,1
177995,0
239862,0
83106,0
211846,0
175849,0
720558,0
173395,0
433099,0
195926,0
149707,0
365374,1
38934,0
317450,0
123730,0
181920,0
91275,0
435540,0
67071,1
12327,1
106804,0
405098,0
739328,0
88478,1
425430,0
166121,0
164987,1
437789,0
110647,0
206820,0
120480,0
217332,0
80768,0
754406,0
302543,0
199751,1
9230,0
36597,0
37244,0
212715,0
800501,1
38322,0
121301,1
408267,1
459490,1
193217,0
408737,0
217420,1
330667,1
244258,0
95305,0
223034,0
125183,0
442440,0
18664,0
179441,0
58465,0
357309,1
284652,0
123663,0
326639,0
404207,1
371513,0
272421,0
76922,0
30974,0
181968,0
1808,0
141438,0
35461,0
182454,0
89311,0
119580,1
117155,0
6079,0
40330,0
272970,1
807781,0
7568,0
75963,0
143746,1
1575,0
150788,1
28741,0
208600,0
383717,0
337060,0
318740,1
167083,0
171769,0
326142,0
24435,0
168767,0
179063,0
52432,0
356037,0
205523,0
402862,0
230377,1
390017,1
181919,0
209703,0
221340,0
119912,0
101760,0
881731,0
434939,0
379109,0
832378,0
3819,0
200270,1
226623,0
212532,0
394103,0
857602,0
185258,0
238026,0
414154,0
288495,0
110593,0
82919,1
250933,0
258465,0
160184,0
186313,0
134946,1
873153,0
80495,1
5834,0
32568,1
345230,0
166209,0
101961,1
47315,0
292536,0
21230,0
125024,0
242512,0
38636,1
202778,0
1083,0
271340,1
175716,0
229161,0
217180,0
324285,0
205829,0
683005,0
390362,1
115883,0
434695,0
5887,0
188010,0
8941,0
404711,0
298955,0
130262,1
672402,0
69419,0
195708,0
86607,0
150992,0
190533,0
41418,1
22526,0
20851,0
294938,0
255494,1
78211,0
109034,0
842786,1
110761,1
398331,0
683914,0
393404,0
11514,0
112315,0
876254,0
161317,1
350631,1
190934,0
757135,0
148290,0
177488,0
185266,1
329112,0
247637,0
164783,0
329141,0
150,0
243138,0
113772,1
73109,0
346365,1
143572,1
322245,1
24379,0
6362,0
151482,0
222310,0
17178,0
86360,1
21017,0
44151,1
424096,0
151577,0
314880,1
9306,0
41756,0
846900,0
691589,0
365656,0
33816,0
203269,1
188210,0
153862,0
179308,0
224185,0
639087,0
241065,0
92431,1
204991,0
859340,0
125223,0
296458,1
204555,0
96669,1
307082,0
397956,0
128191,1
66061,0
383513,0
732658,0
76276,0
221830,0
445519,0
454632,0
83539,0
73903,0
446340,0
60954,0
196362,0
188042,0
164539,1
408298,1
441224,0
62762,0
174275,0
3439,1
308519,0
39229,0
179489,1
27426,0
697081,0
132106,0
297438,0
310535,0
188905,0
849601,0
635719,0
29649,0
157588,0
175164,0
624690,0
27376,0
53115,0
23997,0
58194,0
210732,0
238284,0
440853,0
27507,0
430640,0
174964,0
30898,0
764546,1
223336,0
201616,0
684011,0
105838,0
15581,0
292833,0
134037,0
323425,0
282499,0
378797,0
298342,0
228232,0
143856,1
67183,0
875663,0
197083,0
168835,0
399745,0
212351,0
385393,0
417967,0
77873,1
82834,0
29978,0
301288,0
194667,0
259597,0
219309,0
791118,0
417656,0
316133,1
27530,0
320805,1
182648,0
219937,0
148285,0
246419,0
453576,0
93763,0
210589,0
356505,0
167398,1
92877,0
2807,1
110608,0
138416,0
207917,0
853867,0
141066,0
131590,0
464204,0
464180,0
47948,1
229324,0
206955,0
580209,0
101365,0
181381,0
167032,0
105233,0
200915,1
144092,0
279023,0
405131,0
17631,0
19102,0
62602,0
147058,1
463310,0
225160,0
317090,1
194479,1
304310,0
224507,0
241362,0
199383,0
175259,0
217050,1
16250,0
152656,0
183644,0
182006,0
421275,0
40806,0
14389,1
392583,0
299316,0
213615,0
19211,0
377370,0
456764,0
398016,0
151220,0
301526,1
396413,0
213368,1
427069,0
51568,0
70832,0
435886,1
34191,0
221805,0
97161,0
164091,0
128957,1
184772,0
738728,0
316544,0
749663,0
682970,0
222049,0
823128,0
38201,0
360339,0
640131,0
702313,0
146092,1
186585,0
120844,0
187341,0
65860,0
149080,0
12911,0
190286,0
150984,0
18176,0
159419,0
199245,0
61357,0
36362,0
197772,0
352823,0
20075,0
438865,0
16045,1
6336,1
101107,0
37357,0
403062,0
201073,0
254645,1
303145,1
20885,0
111522,0
815234,0
130098,0
460301,0
31492,1
106427,0
26761,0
331280,0
419163,0
55323,0
77126,0
630275,0
268922,0
94717,0
4191,0
28857,1
327348,0
201579,0
103599,0
349977,0
225597,0
122016,0
433599,0
194356,0
725,0
133941,0
88249,0
93060,0
146068,0
402495,0
235862,0
124204,0
344984,0
80767,1
185211,0
177806,0
215624,1
35729,0
121634,0
419453,0
328510,0
79656,1
146401,0
35077,0
96510,1
785894,0
85717,0
358219,0
204406,0
28158,0
311072,0
182542,0
849849,1
185742,1
9959,0
408744,0
50099,0
84044,0
437479,0
372137,0
20048,0
455085,0
168581,1
232943,0
205145,0
227514,1
149062,1
218261,0
660645,0
191672,0
690425,0
89420,1
86208,0
211734,0
39049,0
360427,0
103204,0
266825,0
6025,1
392601,0
3125,1
440278,0
39137,0
332425,0
101588,0
100967,0
13835,1
47780,0
24967,0
388457,0
377846,0
185809,0
375973,0
376518,0
416281,0
214568,0
317862,0
282494,0
462677,0
392027,0
77898,1
191643,0
139563,0
24022,0
12197,0
244358,0
76939,0
788585,0
395870,0
70526,1
175521,0
186720,1
873913,0
414845,0
215256,0
141958,0
178578,0
24203,0
92198,0
114880,1
94097,1
772,0
702983,0
56838,0
374895,0
846024,0
284024,0
337779,0
460150,0
455594,0
612084,0
180370,0
10391,0
881757,0
430962,0
16344,0
27271,0
8946,0
227191,1
294339,0
177681,0
127955,0
72126,0
98169,0
111070,0
411437,1
136989,0
120108,0
220777,0
464413,0
360991,0
383080,0
35530,0
213689,0
453758,0
103271,0
451684,1
453316,0
112858,0
275338,1
176102,0
192907,0
91190,0
196657,1
26986,0
33623,0
349799,1
194060,0
40018,0
443850,0
466283,0
34363,0
83820,0
226225,1
181159,0
184443,0
708361,0
227109,1
207440,0
19686,0
294740,0
131766,1
864210,0
68108,0
141417,0
229156,0
24803,1
254515,0
787230,0
217646,0
43387,0
214720,1
323120,0
216880,1
390340,0
185594,0
17955,0
103648,0
239311,0
80328,0
100500,0
412376,0
385744,0
466262,0
108854,0
229734,0
345502,0
186433,0
272080,0
329977,0
156311,0
202607,0
287603,1
362518,0
123265,0
131211,0
173471,0
143802,0
423208,1
404833,1
130768,0
132076,0
89386,0
238088,0
75422,1
84284,1
455340,1
668489,0
137056,0
50391,0
63064,0
28966,0
121003,0
18811,0
29003,0
44155,0
104084,0
212434,0
59096,0
230225,0
92557,0
67822,0
184267,0
24510,0
323705,0
191827,0
192988,0
341986,0
22752,0
285266,0
206982,0
25248,0
388898,0
21686,0
53222,0
461168,0
422209,0
332045,1
403270,0
149451,0
650480,0
156538,1
7157,0
155620,0
849360,0
29537,0
146929,0
226056,0
176382,0
92242,0
7067,0
14061,0
58703,0
27349,0
194536,0
27716,0
82098,0
100266,0
43082,0
228845,0
378921,1
173059,0
175230,0
100502,0
150574,0
185060,0
36302,0
880108,0
221376,1
140225,0
371243,0
173859,0
145509,0
2001,0
39922,0
421721,1
354759,0
125137,0
40022,0
34994,0
292887,0
118185,0
221844,0
118693,0
26148,0
317843,0
119705,0
226970,0
138834,0
457400,1
187539,0
845579,0
119076,0
74856,0
15760,0
255420,1
825324,0
92375,0
1470,0
106037,0
21740,1
8275,0
418271,1
141610,0
179356,1
156545,1
439675,1
163922,0
650975,0
860676,0
222166,0
184944,0
111229,0
710782,0
731437,0
49897,0
384734,0
446133,0
286493,0
98553,0
301296,0
187389,0
796995,0
671992,0
788093,0
224648,0
272556,1
95709,0
111666,1
817683,0
236269,1
178425,0
270757,0
80148,1
198606,0
50499,0
26039,0
20001,0
884052,0
53773,0
172175,1
616749,0
786371,0
195988,0
215330,0
43555,0
154165,1
189168,0
16267,0
210282,0
375566,0
64789,0
443217,1
352717,0
212412,1
178072,0
210871,0
192989,0
202694,0
103801,0
74848,0
364197,0
198594,0
311250,1
15787,0
401837,0
192467,0
31603,0
305866,1
190088,0
447650,0
418393,0
62291,0
15870,0
226944,0
162622,0
7377,0
496924,0
434897,0
113896,0
120490,1
40743,0
437577,0
389385,0
353303,0
357435,0
409112,0
212342,0
164257,0
227881,0
222604,0
257620,0
74071,0
69999,1
120296,0
458715,0
3077,0
173041,0
54387,0
147642,0
196920,0
385113,0
90001,0
185723,0
164339,0
320772,0
281507,0
849622,1
10989,0
746174,0
189150,0
136742,1
856036,0
127615,0
12930,0
288397,1
399366,0
177839,0
785254,1
457625,0
14828,0
153214,0
2270,1
144302,0
176416,0
123634,0
459426,0
680182,0
738895,0
46265,0
454579,0
379786,1
355275,0
221907,0
129882,0
58739,1
17147,0
784203,0
320059,0
113196,0
212965,0
250863,0
2803,1
371491,0
234911,0
77778,0
27257,0
142211,0
179390,0
214401,1
133783,0
400638,0
286046,1
41550,1
849944,0
222890,0
35452,0
292850,0
57802,0
859366,0
1693,1
678156,0
193270,1
137934,0
230569,0
99339,0
429878,1
226316,1
10461,0
806382,0
843208,0
5556,0
23695,0
82842,1
205199,0
68032,0
193633,0
566636,0
3024,1
383819,0
29505,0
42237,0
362342,0
188238,1
263723,0
182548,0
16369,0
209576,0
77327,0
868494,0
177429,0
421884,0
14352,1
19115,1
215676,1
51512,1
6131,0
417408,0
44427,0
335364,0
406942,0
7965,0
230092,0
204986,0
228190,1
412384,0
406234,0
2939,1
233260,0
336963,0
54358,0
183986,0
439895,1
176546,0
57780,0
452539,1
144601,0
166032,0
1703,1
70953,0
404928,0
198635,0
75382,1
45919,0
310112,0
47438,0
391946,0
460393,0
18611,0
791914,0
185433,0
195782,0
215444,1
173384,1
438650,0
292598,0
850773,1
54982,0
229446,0
197302,0
11213,0
198294,0
201010,0
179784,0
278164,0
135853,0
196411,0
355296,1
158318,0
78223,0
457710,0
66896,1
398117,0
404983,0
804497,0
53727,1
195119,0
104900,0
330692,1
462613,0
282145,1
426666,0
99596,0
14401,0
328387,0
312059,1
857501,1
180973,0
2707,0
73371,0
176695,0
19194,0
289747,0
32287,0
9444,0
191220,0
454946,1
168786,0
198156,1
203743,0
836949,0
205153,1
122285,0
132222,0
229431,0
777722,0
182845,0
215208,0
33686,0
695550,0
797197,1
349041,1
37263,1
224168,1
414124,0
335297,0
398429,0
90333,0
132694,0
83054,1
175899,0
1169,0
201765,1
20932,0
39983,0
187237,1
202744,0
329218,1
89935,0
205436,0
153503,0
163445,0
75079,0
194042,0
405944,1
386671,0
799209,0
185424,0
200686,0
454669,0
218366,0
100482,1
26253,0
402988,1
206762,1
703446,0
205394,0
109907,0
456214,0
616930,0
205107,0
58773,0
118769,0
353423,0
206155,0
42132,0
200519,1
28569,0
92928,1
83222,0
140887,0
116754,1
424573,0
596405,0
183906,0
360692,0
32582,0
400190,1
229819,0
459341,0
172715,0
26824,0
301829,0
219690,0
32296,0
12647,0
687201,0
213449,1
395310,0
108676,1
201490,0
179354,0
746415,0
122691,0
136298,0
200924,0
185918,0
224723,0
198964,0
35050,0
358783,0
421178,0
230228,1
15979,0
214926,1
153464,0
280324,0
358362,0
62322,0
172043,0
71089,0
190001,1
837857,0
850917,0
264618,0
126588,1
298774,1
6609,0
38811,0
101438,1
459859,1
18693,0
869393,0
157036,0
104332,0
169874,1
399608,1
448103,1
782612,0
138041,0
449905,0
343296,0
92165,0
103938,1
134834,0
26868,1
317001,0
140487,1
205450,0
297179,0
313809,1
129444,0
109592,0
25527,0
787574,1
45941,0
208983,0
66555,1
169851,0
333252,0
824488,1
824442,0
206555,1
70313,0
248972,1
222436,0
217276,0
219153,0
2249,0
107064,0
299509,0
221468,0
810600,0
413405,0
832282,0
43476,1
265819,1
172504,0
194526,0
683947,1
68454,0
331819,0
201421,0
193989,1
11853,1
181723,0
637507,0
213442,0
10604,1
30082,0
6269,0
213888,0
191228,0
380796,0
412095,0
215775,0
164214,0
198261,0
777030,0
117271,0
443631,0
19353,0
128032,0
716693,0
404958,1
127209,0
190984,0
113547,0
391214,0
849408,0
31285,0
408262,0
69457,0
19296,0
839380,0
271367,0
122049,0
444227,0
1612,0
112331,0
49566,0
723637,1
695112,1
65137,0
371774,0
6637,0
67049,1
748562,1
880961,0
29930,0
152600,0
184175,0
386231,0
279051,0
337856,0
448896,0
726030,0
398708,0
185234,0
93602,0
879078,0
351184,0
195564,1
289808,0
171269,0
294178,0
740273,1
21396,0
32943,0
85801,0
4326,0
151762,0
26093,0
17432,0
103645,0
464961,0
405642,0
174254,0
224362,0
186574,0
359276,0
41703,0
74668,0
58970,0
81296,0
26457,0
198824,0
28070,0
169162,0
459124,0
29033,0
308009,0
182186,0
98087,0
751377,0
128596,0
824240,0
207626,0
465676,1
181535,0
824469,0
240515,0
730216,0
375489,0
200322,0
360228,1
236100,0
122299,0
210555,0
27269,0
93556,0
869686,0
84346,1
152057,0
7865,0
165408,0
641400,0
320475,0
856059,0
225328,0
7138,0
413216,0
178622,0
462502,1
198072,0
522060,0
164271,0
142650,0
125661,0
32969,0
407560,0
85725,0
386648,0
446815,0
726935,0
21094,0
20532,0
39571,0
44850,0
396300,1
37874,1
143649,1
14454,0
224539,0
313515,0
173815,0
255532,0
174502,0
18506,0
641740,0
299886,0
234037,0
56068,0
452183,1
451475,0
195880,0
207990,0
461930,0
101998,1
23995,0
177964,0
364941,0
322302,0
208295,0
873731,0
141305,0
69328,0
203439,1
41134,0
176899,0
68013,0
332665,0
351810,0
201328,1
395107,0
360411,0
347667,1
74742,0
212830,0
37225,0
192984,0
177934,0
41247,1
197635,0
52260,1
135195,0
229843,0
438674,0
179027,0
183587,0
146425,1
232771,1
831649,0
703180,0
200828,0
165950,0
73892,0
7847,1
96488,1
146637,1
108736,1
34439,0
381898,0
36849,0
57921,0
23761,0
119257,1
348591,0
189899,0
227584,0
55994,0
133601,1
84665,0
443820,1
877046,0
142203,0
185450,0
450917,1
58100,0
179755,0
333778,0
178512,0
67796,1
416978,1
442438,0
52796,0
224341,0
359885,1
45235,1
9095,0
338832,1
180886,0
380930,0
248262,0
23180,0
711252,0
194609,0
93466,0
35631,0
55852,0
50897,0
153928,0
411219,1
48050,0
121830,1
91269,1
361420,0
265839,0
318763,1
561624,0
179520,0
341518,0
273746,0
214567,1
247347,0
217911,0
435052,0
42842,1
652183,0
745530,0
194868,0
161881,1
195859,0
814020,0
5089,0
42840,0
4578,1
820558,0
176273,0
221571,0
422569,1
399470,0
211055,0
65271,0
449588,0
372785,0
202902,0
459220,1
886286,1
204605,0
355547,0
123050,0
396564,0
4242,0
109467,0
346988,0
229094,0
74759,0
275269,0
25197,0
409774,0
205329,0
86358,0
442073,0
287152,0
201703,1
168151,0
853746,0
159429,0
156954,0
325638,0
331831,0
746283,0
200542,1
379614,0
873765,0
205669,0
104722,0
314935,0
314161,0
190750,0
18182,0
216796,0
758822,0
813441,0
9669,1
52039,0
215559,0
183619,0
453324,1
75122,1
155914,0
177848,1
36205,0
21692,0
11336,0
347412,0
177338,0
273401,0
202374,0
170592,0
700187,0
161760,0
30491,0
18403,0
404468,0
38781,0
196541,0
428444,0
216970,0
265103,0
640064,0
114021,0
145926,0
10893,0
11543,0
108049,1
179884,0
37603,0
173823,0
212752,0
384795,0
215282,0
21739,0
168725,1
111010,0
404766,1
375544,1
31139,0
171394,0
318790,0
206867,0
225168,0
322760,0
192190,0
40147,0
143035,0
862018,0
67471,0
196011,0
118707,0
143393,1
382999,1
261248,1
811211,0
12331,0
306831,1
8416,0
301162,1
281373,0
422245,1
136256,0
211694,0
12874,0
173300,0
363154,1
438044,0
51432,1
103485,0
11194,0
275059,0
292714,0
177807,0
681199,0
216818,0
136865,0
57120,0
843154,0
29890,0
190694,0
161995,0
23136,0
837964,0
364222,0
124931,0
230053,0
194760,0
343706,0
301524,0
74281,0
18387,0
21099,0
178968,0
187471,0
47558,0
13346,0
130668,1
108448,0
188761,0
342788,1
156613,1
16845,0
66239,0
434355,0
443554,1
139213,1
122231,0
121236,0
105446,0
280055,0
325069,0
200006,0
385951,1
548989,0
257315,0
351146,0
191386,0
64947,0
414863,0
171256,0
230506,0
91610,0
25786,0
218049,0
28532,0
22502,0
152766,0
419803,0
212728,0
207634,0
195073,0
46803,0
4470,0
832448,0
131564,0
226792,0
159619,0
319648,0
355322,0
431390,0
811756,0
179421,0
131591,0
96052,1
7402,0
449490,1
72347,0
134079,1
157077,0
267754,0
5363,1
15651,0
41509,1
346511,0
297718,0
37662,0
30442,0
107312,0
2534,0
182859,0
882808,0
464092,0
221491,0
24249,1
129143,0
75895,1
270135,0
123128,1
173691,0
131837,0
221124,0
30379,0
240982,0
870002,1
75105,1
173202,0
396767,1
29517,0
14794,1
217213,1
218583,0
131015,1
283242,0
169496,1
69547,0
195665,0
25548,0
386400,0
113877,0
126034,0
113082,0
225441,0
323153,0
426807,0
100789,0
458988,0
22560,1
457313,0
16662,0
24985,0
132661,0
351999,0
199009,1
159568,0
218632,1
160054,0
827634,0
232521,1
523344,0
98376,0
110246,0
186184,1
188948,0
36448,0
440798,0
224793,0
207992,0
199488,0
80408,0
154914,0
55685,1
7026,0
216620,0
160693,1
841498,0
379174,1
229700,0
167286,0
844644,0
125744,0
647619,0
22030,0
213915,0
404333,0
48014,0
391979,0
25606,0
187214,0
7816,0
100150,0
226837,1
27931,0
380465,0
168123,0
853530,0
181835,0
140280,0
141104,0
48866,0
306935,0
29998,0
427713,0
370131,0
442431,0
226765,0
461629,0
17984,0
725646,0
286455,1
34860,1
747496,0
376374,1
407480,0
72528,0
47789,0
67965,1
9212,0
222073,0
100737,0
90780,0
144119,0
43612,1
9656,0
357392,0
183889,0
846571,0
322642,0
383865,0
165129,0
155294,1
18358,0
160389,1
837850,0
184371,0
322101,0
303935,0
332327,0
167076,0
148294,0
699563,0
706070,0
119965,0
162147,0
447186,0
48222,0
426188,1
437871,1
73107,0
3412,0
192657,0
228798,1
32563,0
134436,0
111881,1
792478,0
230058,0
164298,0
753556,0
195610,0
103549,0
27633,0
733160,0
329189,0
431585,0
234126,0
149611,1
282569,0
180057,0
169857,0
107875,0
456314,0
172274,0
39908,1
126008,0
784443,1
88,0
152969,1
227010,1
10987,0
843161,0
887332,0
726033,0
443033,0
742655,0
251661,1
841954,0
52917,0
811701,0
5203,1
139217,1
368072,0
452546,0
344737,0
229701,0
228240,0
279596,0
171505,0
201370,0
5373,0
88073,0
257621,0
86411,0
79467,0
26155,0
427579,0
703847,0
391930,0
16637,0
361042,1
105779,0
12668,0
352586,0
127829,0
422269,0
172178,0
73831,0
223378,0
822495,0
244357,1
771012,0
35970,0
615828,0
160207,1
200477,0
77325,0
448692,0
345510,0
165379,0
400074,0
779269,0
356143,0
183703,0
130439,1
188100,0
230519,0
20485,1
320193,0
404215,0
5747,0
9962,0
344079,0
244785,0
848302,1
441825,0
102249,0
223531,0
212685,0
124899,1
385614,0
316388,1
351552,0
125513,1
225757,0
195020,0
80138,0
388748,0
16605,0
373101,0
118622,0
240867,1
194596,0
209633,0
362125,0
133207,0
171439,0
436046,0
200419,0
449814,0
10010,1
189194,0
364936,0
42532,0
364545,0
442681,1
422773,0
142259,0
170964,0
95070,0
88133,0
351022,0
226593,1
737558,0
459502,0
188039,0
227582,0
713874,0
435963,0
408611,0
193444,0
321329,1
208913,0
188361,0
434498,0
28950,0
85095,1
28207,0
309849,0
23259,0
194211,0
38990,0
30398,0
351475,1
74545,1
21295,0
127093,1
347707,0
762562,0
37086,0
173282,0
106402,1
440315,1
17475,1
161849,0
162678,1
184197,1
358306,0
55778,0
101289,0
195126,0
211109,0
88219,0
226012,0
94504,0
463764,0
115833,0
286020,1
177983,0
216375,0
30022,0
5876,0
220726,0
199057,0
40509,0
126644,1
61811,0
153764,0
151479,0
344174,0
109465,1
2980,0
201144,1
92802,0
214336,0
113056,0
384115,0
366659,0
147423,0
188260,0
207195,0
141585,1
747833,0
171313,0
188951,0
206242,0
37937,0
24507,0
428740,1
28882,0
6217,0
208142,0
280171,1
46104,0
282091,0
352771,0
743123,1
373200,1
412690,1
131202,0
191128,0
455766,0
117715,0
86374,0
876408,0
199302,0
347781,0
262416,1
336983,0
188320,0
191882,0
109272,0
50719,0
230190,0
571624,0
485492,0
72885,1
174945,0
283500,0
7761,0
172129,1
341654,0
229762,1
217495,0
19997,0
44412,0
380505,0
453656,0
34323,0
460645,1
238118,0
44956,0
74971,0
202752,0
389036,0
34558,0
2729,0
430813,0
39834,0
202562,0
457039,1
174485,0
310513,0
264031,0
338398,1
206813,0
769186,0
165248,0
25403,0
103320,0
162903,0
322898,0
462372,0
415915,0
434974,0
95248,0
883774,0
92973,0
434129,0
47363,0
110981,0
866629,0
74498,0
379037,0
379582,0
350959,0
332132,0
738846,0
313443,1
141524,0
828021,0
105816,0
178509,0
28271,1
150317,0
43288,1
268445,0
34647,0
106088,0
460347,1
60217,0
227615,0
210584,0
180425,0
18645,0
81123,0
7464,0
107794,0
197164,0
315826,0
24256,0
80086,0
73035,0
372872,0
201815,0
418593,0
185792,0
88939,1
204749,0
187946,0
218625,0
216755,0
30935,0
54476,0
60669,1
10503,1
321848,0
29949,0
191088,0
27685,0
306102,0
683377,1
264034,0
138977,1
385073,1
225009,1
35806,0
210223,0
438272,0
252223,0
12299,0
217042,1
126861,1
188782,0
5461,0
212136,0
188609,0
106351,0
273089,0
843503,0
46327,0
643642,0
123535,0
14374,0
435321,0
133064,0
20667,0
314319,0
327134,0
169292,0
121853,0
169947,0
781691,0
15818,1
82536,0
195086,0
371585,0
212258,0
128469,1
26576,0
131732,0
36490,0
8424,0
181303,0
838614,0
202596,0
169437,0
215012,1
139969,0
233403,0
369664,0
184879,1
53676,1
462391,0
123613,0
838623,1
315507,0
208890,0
10341,0
223238,0
185789,0
63344,1
415813,0
19114,0
86491,0
130688,0
182442,0
20782,0
113729,1
860050,0
227387,0
37916,1
86195,0
218027,0
185123,0
103291,0
69441,0
302425,0
43346,0
202981,0
200861,0
23143,0
119864,0
401953,0
198780,0
147162,0
329472,0
74864,0
33646,0
205206,0
1232,0
392217,0
438015,0
462564,0
453493,0
19092,0
153631,0
142695,1
183640,0
73968,0
283412,0
160555,0
4103,0
89908,0
766725,0
176991,0
8851,0
453570,1
37467,0
34578,0
175605,0
84930,0
76335,0
146130,0
128229,0
267546,0
342084,0
137364,0
41265,0
433003,0
723566,0
140960,0
33563,0
189292,1
625857,0
184994,0
526437,0
171233,0
226566,1
444741,0
430039,1
417836,0
420828,0
108372,1
1222,0
25198,0
268139,0
219829,0
4984,0
101216,0
365553,1
446262,0
232320,0
366727,0
176755,0
27877,0
49793,1
135913,0
217289,0
112514,0
767716,1
870832,0
337221,1
327869,0
448374,0
227368,0
145004,1
880971,0
748966,0
23376,0
439049,0
387830,1
804404,0
150877,0
345227,0
194919,0
220283,0
19147,0
69130,0
25171,0
111590,0
444501,0
23635,0
877152,0
36331,1
58740,0
463754,0
266976,0
214326,1
376676,0
310725,1
159998,0
314574,0
397315,1
295872,0
259982,0
49590,0
160545,0
69162,0
640030,0
325309,0
711825,0
263195,0
44747,0
6065,0
442622,0
162153,0
654175,0
185291,0
339186,0
838730,1
313494,0
825406,0
99048,0
214244,0
414037,1
142169,0
227685,0
152039,0
219101,0
428854,0
381635,0
329791,0
137132,1
109494,0
36299,0
187561,0
866900,0
801623,0
459144,0
66157,0
179698,0
195366,0
418732,0
366766,1
11859,0
223647,0
154537,0
65066,0
403994,1
15856,0
282661,0
39857,0
381268,1
1932,0
63537,0
229309,0
36679,0
432517,1
205756,1
196607,0
29149,0
154704,0
445101,1
221187,0
202455,0
746624,1
233039,0
194701,0
118425,0
24608,0
251479,0
60002,1
362726,0
163081,0
439432,1
164608,0
37370,0
32100,0
216187,0
119085,1
162556,0
169278,0
223613,0
163793,0
367989,0
111720,0
228535,0
337431,0
367447,0
411645,0
85286,0
219588,0
434918,0
333387,1
381760,1
23525,0
234418,0
384333,0
119716,1
464504,0
705875,0
13476,0
232268,0
211798,1
856594,0
354686,1
272400,1
94683,0
778410,0
290300,1
6652,0
181927,0
465524,0
376412,0
32338,0
372806,1
101506,1
79305,0
112655,0
17968,0
194655,1
210042,0
809099,1
162795,0
176057,0
123542,0
67520,0
174761,1
199423,0
121783,1
78295,0
26790,0
823738,0
432490,0
107286,0
73124,0
42475,1
66277,0
461970,0
35723,0
89549,0
765834,0
633091,0
463775,0
114493,0
424474,1
126841,1
135564,0
130827,0
2600,0
315162,0
183321,1
131998,0
60029,0
229003,0
441854,0
241534,0
435946,0
280797,0
450904,0
25942,0
557379,0
356275,0
74556,0
123197,0
8024,0
525454,0
570367,0
272898,0
186234,0
20747,0
144812,0
406516,0
117625,0
7032,0
807561,1
564635,0
753370,0
30308,0
37442,0
154950,0
169107,0
11254,0
699506,0
175450,0
18441,0
226173,1
117572,0
14221,0
172608,0
389535,0
167552,0
394354,1
11496,1
268055,0
20963,0
33785,0
367720,0
443372,0
151900,0
180025,0
206173,1
27053,0
314222,0
278856,1
20687,0
82822,1
203766,0
160679,1
436409,0
23588,0
427196,0
21459,0
46082,0
308893,0
169088,0
396312,0
770969,0
200193,0
298706,0
128742,1
335348,0
180279,0
26023,0
215326,0
118197,1
291890,0
238077,0
210216,0
407557,0
691264,0
824486,0
812184,0
542096,0
816037,0
46460,0
181234,0
554819,0
42330,0
54242,0
120213,0
104230,1
110828,0
32498,0
34714,0
382954,1
17188,1
37398,0
408637,1
26223,1
113079,1
860608,0
210658,0
301791,0
18974,0
734123,0
41350,0
197214,1
175930,0
455221,0
39673,0
226941,0
153624,0
7796,0
200784,0
35314,0
12470,0
447903,0
124092,1
84147,0
316561,0
50928,0
203672,0
441243,0
666298,0
197708,0
351652,0
216929,0
7452,1
39725,0
211145,0
30989,0
210530,0
121497,0
841020,0
857554,0
443630,0
32726,0
403262,0
328788,0
454976,1
99508,0
99706,0
94207,1
422040,0
1851,0
350285,1
92331,0
271091,0
14688,0
199126,0
196110,0
48574,1
41246,1
1358,0
179361,1
408619,0
24432,0
454073,1
120486,0
42168,1
186009,0
138471,1
230404,1
21737,0
736717,0
354471,0
420210,0
120172,0
316818,0
455663,0
176988,0
155918,0
116397,0
186797,0
57607,0
172188,1
644670,0
54359,0
145459,0
698126,0
438137,1
178378,0
171284,0
139420,0
189773,0
369489,0
229110,1
211025,1
204573,0
698094,0
743338,1
131148,1
40271,1
181324,0
202976,1
18077,0
230426,0
417553,0
329214,0
161821,0
18895,0
229296,0
701422,0
172583,1
201882,0
268545,0
15835,1
375048,1
155825,0
108406,1
213728,0
22411,0
280544,0
755749,0
436305,1
34682,0
23469,0
347844,1
192238,1
100438,0
8383,0
365520,0
184753,1
434843,1
197634,0
858378,0
230627,0
456564,0
52545,0
131996,0
328008,1
259271,0
201390,1
792143,0
194329,0
223375,0
865869,1
180515,0
879839,0
24758,0
176887,0
353148,0
236926,0
223693,0
21065,0
780654,0
291260,0
203353,1
363850,0
262370,0
110635,0
252050,0
410947,0
329142,0
5634,0
171402,0
848950,0
16834,0
55784,1
435346,1
409712,0
152136,1
206910,1
378353,0
107736,0
680308,1
203810,0
849533,0
85057,0
171828,1
16768,0
697260,0
329882,0
141129,0
68604,0
174005,0
716631,0
15879,0
12643,0
170537,0
68074,1
859543,0
139606,0
25933,0
400943,0
321001,0
226594,0
97731,0
404164,0
139332,0
39017,0
301999,0
379535,0
718356,0
184531,0
318555,1
97739,0
18692,0
206659,0
207887,0
202591,0
198714,0
162653,0
44332,1
208182,0
196457,0
260004,0
84244,1
203918,0
127824,0
157513,0
191219,0
33350,0
18530,0
163968,0
288358,1
191325,0
81161,0
762403,0
20954,0
88982,0
193792,0
398615,1
262222,0
779892,0
79294,1
195959,0
302938,0
186831,1
167481,0
765179,0
24483,0
182054,0
67317,0
23534,1
28442,0
755020,0
177763,0
460432,1
382886,0
326133,0
73884,0
860069,1
123755,1
218370,0
164155,0
172693,0
413588,0
229860,0
230548,0
9057,0
127839,0
423489,0
437622,0
19382,0
801880,0
40531,0
29466,0
312394,0
430450,0
188177,0
73423,0
174473,0
386290,0
405861,0
164944,0
190973,0
4651,0
168661,0
183663,0
37445,0
189135,0
431425,0
880531,1
278507,0
159525,0
62301,0
178283,0
113444,1
250364,1
198847,1
49955,1
162405,0
76281,0
264391,0
65760,1
155522,0
22364,0
36822,0
321126,0
219645,0
139896,0
75989,0
511256,0
804817,0
168800,0
182399,0
18702,0
175768,0
859078,0
68836,0
36827,0
441255,0
372380,0
388,1
83721,0
25851,0
41565,1
836273,0
563296,0
18453,0
285890,0
62769,1
85410,1
151508,0
213926,0
821853,1
44308,0
361184,1
226607,0
159949,1
202973,0
204679,0
216135,0
35091,0
159997,0
35045,0
572625,0
194402,0
256212,0
316382,0
791494,1
42093,0
687209,0
181212,1
457252,0
755194,0
462337,0
441654,0
169943,1
851374,0
344868,0
179897,1
84642,1
18621,1
797931,0
459802,0
71098,0
83608,0
215229,1
163689,0
871441,0
617760,0
38250,0
452964,0
23539,1
194448,0
86502,0
348512,1
701082,0
327418,0
152333,0
224666,1
49531,0
66910,0
364315,0
99844,0
535018,0
398471,0
159062,0
227898,0
83044,1
41914,1
465091,0
138736,0
261109,0
75544,0
149358,0
167784,0
35762,0
445310,0
741715,0
26048,0
61879,0
243030,0
336846,0
622833,0
793349,0
351076,0
12577,0
452958,0
26966,0
296372,0
32481,0
181836,0
429485,1
227409,0
60514,0
878673,0
348072,0
424951,0
171333,0
18670,0
410640,0
451197,1
396974,0
185773,0
56350,1
73461,0
1255,0
143455,0
45464,1
240055,0
222749,0
440638,0
96511,0
56065,0
213127,0
275520,0
86326,0
327024,1
78208,0
193978,0
814103,0
62027,0
38242,1
877145,0
222933,0
83107,0
364369,1
10674,0
849781,0
278811,1
358033,0
449733,0
83017,0
24466,0
115898,0
642124,0
20608,1
24008,1
418932,0
716825,1
221375,1
344420,1
419739,0
165157,0
385165,0
153229,0
44982,0
71273,0
15391,0
29477,1
387269,0
422819,0
197663,0
18890,0
202191,1
108579,0
59530,0
327396,0
728178,0
100897,0
863630,0
434776,0
419814,0
27990,0
188168,0
173772,0
112990,0
131713,0
206390,0
182448,0
177587,1
297337,0
845253,0
861064,0
687064,0
796088,1
78493,1
169096,1
332786,0
444689,1
381243,0
22688,1
451382,0
77098,0
141198,1
446410,0
83939,0
207394,0
465449,1
428503,0
287058,0
318006,0
387170,1
623644,0
176333,0
95795,0
164917,1
65006,0
170337,0
344545,0
146824,0
189554,0
1445,0
21604,0
638047,0
308770,1
134845,0
567471,0
174809,0
879084,0
118652,0
154682,1
15907,0
228924,0
263442,0
192513,0
53047,0
208087,0
286198,0
292333,0
197955,0
51580,0
443479,0
216590,0
184056,0
810448,0
279897,1
63334,0
177245,1
118546,0
169838,0
14424,0
23740,0
300654,1
306406,0
294191,0
413978,0
151924,0
266132,1
33951,0
885928,0
215150,0
121774,0
411922,0
52318,0
266819,0
20494,0
226823,1
29171,0
85512,0
101048,0
179466,0
420582,0
157405,0
387519,0
79251,0
619368,0
765935,0
213255,0
6393,0
225211,0
168873,1
197024,1
165591,1
165894,0
91379,0
52820,0
13455,0
771947,0
146869,0
38714,0
651476,0
20342,0
411280,1
86987,0
206699,0
43620,1
309807,1
228391,1
122104,1
203636,0
219590,0
224843,0
157587,0
197880,0
252796,0
54700,0
357870,0
736481,0
109958,0
28194,0
172567,0
4237,0
189290,0
147078,0
355929,0
343520,0
805883,0
452939,0
222946,0
49254,0
238489,0
213794,0
266000,1
436165,0
62248,0
160591,0
191825,0
420682,0
213402,0
30859,0
198449,0
148214,0
240168,0
211761,0
718964,0
245803,0
410352,0
36906,0
809575,0
216646,0
135846,1
205014,0
222666,1
336905,0
225995,0
147553,0
31932,0
165798,1
17560,0
228478,0
860795,1
461273,0
570124,0
220853,0
46804,0
10090,1
189035,0
157851,0
167164,0
138701,0
463243,0
129900,1
72573,0
2739,0
336643,0
10333,0
143304,0
104466,0
420995,0
209288,0
314001,0
40253,0
209699,0
374332,0
449202,0
753293,1
225659,0
15894,0
92546,0
14611,0
26836,0
223871,0
11180,0
241247,0
32212,0
456930,0
38192,0
34953,0
183743,0
162415,0
166239,0
155360,1
418422,0
50681,0
134488,0
651227,0
233521,0
127576,0
730285,0
170978,0
175290,0
139078,0
395449,0
224886,0
767230,1
392561,0
52622,0
147725,1
39275,0
228694,0
51353,0
796529,0
207051,1
82001,0
882838,0
408180,0
173791,0
74463,1
729858,0
321471,0
119547,1
423012,0
178474,0
31167,0
61612,1
176794,0
154692,1
211193,1
33792,0
763775,0
12355,0
156418,0
176325,0
187089,0
161703,0
405761,1
130760,0
446945,1
217956,0
123723,0
311055,0
76152,0
104798,0
339944,0
362185,0
25136,0
345905,1
101538,0
67946,0
345978,0
11803,0
874740,0
296406,0
687875,0
229886,1
368891,0
404109,0
222198,0
176243,0
76367,1
436852,0
34629,0
411392,1
245337,1
92874,0
139602,1
213648,0
11467,1
175654,1
214932,0
199973,0
13086,0
89146,0
85911,0
32487,1
464622,0
203647,0
254491,0
219698,0
189154,0
145863,0
392562,0
58682,1
809079,0
598342,0
39567,0
123824,0
52262,0
101085,0
454463,1
233480,0
124934,0
108313,1
175010,0
431618,0
222744,0
72713,0
187877,0
126306,0
822107,0
126351,0
285369,0
320596,0
176027,0
20105,0
44466,0
223189,1
124285,0
159496,0
444162,0
16113,0
446080,1
869414,0
172436,0
229580,0
31839,0
443426,1
884027,0
453155,0
84129,0
143731,0
21476,0
3403,0
28440,0
106461,0
101209,0
305336,0
175185,0
210672,0
127227,0
189291,1
217121,1
168502,1
102845,1
217952,0
861885,0
9196,0
67429,0
390195,1
309665,0
726190,0
173453,0
332261,0
369994,0
76924,0
454628,0
751758,1
61928,1
15593,0
151901,0
418667,0
329626,0
45897,0
272817,0
720275,0
326550,0
212493,0
149588,0
107120,0
167957,0
208165,0
447389,0
436558,1
186544,0
267278,0
62458,0
825338,0
371349,0
655890,0
175139,0
725586,0
90560,0
306914,0
185399,0
302506,0
715154,0
405488,0
400043,0
230099,0
827967,1
71964,0
205327,1
184257,0
116171,0
187476,0
184168,0
22212,1
79592,0
162640,0
196481,0
180252,0
681311,0
209192,0
377156,1
225540,0
27275,0
773901,0
420070,0
465068,0
229049,0
3387,0
351789,0
214016,0
61516,0
49937,0
120290,0
219592,0
762298,0
324514,1
455626,0
246877,1
411325,0
149774,1
97415,0
217102,0
329286,0
124817,0
49451,0
35125,0
204630,0
21176,0
91870,0
355244,0
440374,0
727071,0
140513,0
255499,0
254185,0
28716,1
205936,0
51514,1
27711,0
87933,0
787298,0
210344,1
24878,0
96926,0
227304,0
519074,0
437653,1
39648,1
83431,0
19817,0
689954,0
208365,0
738375,0
128755,0
749018,0
87586,0
215101,0
433377,0
6039,0
167627,0
424541,0
59261,0
201457,0
57736,0
339757,0
216256,0
399070,0
776206,0
824397,1
124469,0
167187,0
764433,0
126862,0
151715,0
402617,1
304226,0
80109,0
173760,0
749299,0
27403,0
338271,0
14774,0
347524,1
174437,0
287204,1
41146,0
393618,0
796623,0
203625,1
449962,0
793409,0
282955,0
162964,0
162362,0
157487,1
359495,0
101761,0
358465,0
368537,0
57420,0
315807,0
191388,0
206886,0
213738,0
603176,0
391138,1
287918,1
195567,0
366305,0
71480,0
12516,0
190521,0
89121,0
730986,0
104067,0
206656,0
166730,0
285982,1
40239,1
27045,0
446094,0
278351,0
192999,0
675236,0
185757,0
12174,1
143395,0
187596,0
185094,0
168612,0
184425,0
154066,0
336063,0
137304,0
435973,0
5783,0
202841,0
24241,0
41906,1
366247,0
180219,0
175225,0
784298,0
390713,1
225401,0
177730,0
32805,0
39339,0
131821,0
276234,0
818723,0
298373,0
824423,0
23466,1
115280,0
760183,0
679532,0
80301,0
840951,0
803591,0
661817,0
118018,0
215739,0
102413,0
95827,1
85551,0
269600,0
712924,0
341641,1
175207,0
419954,0
28869,0
236514,0
103028,0
188830,0
205265,1
877976,0
309204,1
16950,0
29162,1
144133,0
803136,0
163675,0
78809,1
89931,0
200855,0
138635,0
411974,0
128605,0
586760,0
836768,0
382018,0
87802,0
31405,1
413967,0
177199,0
39704,0
145985,0
397078,0
188623,0
193210,0
266713,1
40684,1
216111,0
187496,0
356797,0
206792,0
453117,0
184308,1
72448,1
340572,0
163787,0
184645,0
632322,0
292053,0
26428,0
200063,0
303254,1
11056,0
447022,0
652607,0
134274,0
184520,0
443156,0
217982,0
200780,0
760558,0
201157,0
126484,0
199625,0
124070,0
122909,0
372621,0
99110,0
5223,0
23408,1
537626,0
17795,0
227755,0
176665,0
63871,1
116122,1
183909,0
137447,0
23477,1
465498,1
72694,0
1832,1
203939,1
290591,0
42818,0
277357,0
69340,0
880823,0
458071,0
92369,0
10740,0
193020,0
347703,0
297700,0
10616,1
11464,0
195299,0
105607,0
32769,0
109415,0
877015,0
757751,0
113400,0
185597,0
357676,1
42495,0
803566,0
407112,0
462853,0
169125,0
157049,0
802499,0
380771,0
356513,0
206637,0
451285,1
160262,0
384998,0
323296,0
235530,0
458946,0
430943,0
110256,1
45701,0
819419,0
139813,1
7055,0
68387,1
203390,0
15762,1
461919,0
456287,0
120392,0
345867,0
343146,0
140700,0
6280,0
62539,0
80377,1
228787,0
835301,1
73938,0
636901,0
784837,0
129321,1
289258,1
674122,0
78945,0
790571,1
433699,1
327204,0
704269,1
868485,0
181879,0
15915,0
20619,0
228385,0
450145,0
7740,0
454036,0
163191,0
356544,0
171896,1
227587,0
37195,0
204604,1
828436,1
57459,0
402112,1
439156,0
443349,0
224326,0
3258,0
254306,0
97432,0
32554,0
8602,0
179751,0
26278,0
213274,0
31356,0
138829,0
79345,0
78414,0
40726,0
161116,1
130118,0
165624,0
761509,0
328365,0
704580,0
134927,0
213240,0
5485,0
224636,0
226998,0
49896,0
208162,0
604956,0
62553,0
213994,0
107402,0
5520,1
4707,0
137935,1
225131,0
213940,0
240454,1
191342,0
216360,1
179814,0
116686,0
210957,0
258409,0
253611,0
227225,0
41793,0
71438,1
336964,0
429884,0
14712,0
315639,0
411482,0
180743,0
92867,0
861028,0
74619,0
794667,1
24815,0
99685,0
22533,0
28929,0
198830,0
37437,0
43634,0
150188,0
796985,0
878113,0
822120,0
198683,0
451873,0
7864,0
762,0
337188,0
39422,1
45892,0
72141,0
214628,0
731144,0
298736,0
243939,0
72587,0
409056,0
226342,0
181003,0
205737,0
210772,0
386655,0
115980,0
124198,0
284008,0
94100,0
139682,0
196687,1
93374,0
332531,0
410962,0
402403,0
168084,0
62799,0
9588,0
395608,0
638263,0
5931,0
334071,0
815807,0
184021,0
451074,1
37007,1
341591,0
181548,0
324448,0
137281,0
862808,1
343661,0
182633,1
176557,0
196978,0
13901,0
46508,1
810932,0
172804,0
120456,0
464337,0
329375,0
136220,0
19892,1
300375,0
368005,0
188264,0
408540,0
152027,0
709011,0
396947,0
310894,0
190769,0
163059,0
195282,0
167408,0
194963,1
5375,0
304834,0
47384,0
226212,0
214968,0
6993,0
34504,0
290908,0
11911,0
350230,0
143151,0
115652,0
39746,0
390059,0
377579,0
49804,0
763055,1
65176,0
295060,1
853027,0
409814,0
343068,0
201501,0
253662,0
113422,0
127276,0
267048,0
144935,1
159743,0
223324,0
48479,1
386031,0
384536,0
82957,0
30447,0
572749,0
61355,0
398637,0
182363,0
295743,0
69686,1
188319,0
379418,0
28041,0
54034,0
159722,0
167961,0
77836,0
98597,1
69219,1
209012,0
430321,0
727002,0
19669,0
353157,1
29518,0
194497,0
179440,0
826362,0
854118,0
101409,0
333632,1
146915,0
65821,0
442370,0
178304,1
135863,1
28917,0
142982,0
127045,0
228916,1
2675,0
337585,0
138783,0
134207,0
174608,0
424324,1
254943,0
216437,0
361826,0
33583,0
691775,0
449512,0
454685,0
221819,0
127632,0
378878,0
9224,0
192970,0
32926,0
357565,0
441791,0
36531,0
436280,0
331247,0
128116,0
39964,0
440929,1
872304,0
4862,0
69229,1
217527,0
91291,1
225322,0
79213,1
56090,0
158799,0
197414,1
33540,0
40818,0
205400,0
143888,0
72404,0
202994,0
324676,0
138702,1
189256,0
111466,0
206978,0
190765,1
271963,0
170512,0
343099,1
270034,0
87591,0
149629,1
249068,0
33262,0
14065,0
381587,0
201164,0
229849,0
51562,0
362699,1
138655,0
205692,1
675704,0
207012,1
450265,1
110067,0
29088,1
205832,0
378684,0
458992,0
192637,0
297736,0
812420,0
202793,1
67589,1
252271,0
23800,0
23431,0
770772,0
438320,0
183242,0
369159,0
194035,0
12826,0
459243,0
12301,0
390170,1
22891,0
215024,0
148954,0
163611,1
114086,0
195389,0
157134,0
10441,1
151990,0
453281,0
2375,1
81261,0
199446,0
446077,0
269235,0
211147,1
179870,0
183890,0
444346,0
86047,0
401033,0
222270,0
327001,0
170650,0
93813,1
203504,0
37583,0
427236,0
219132,1
42502,0
227160,0
450933,0
450898,0
217270,0
440279,0
178973,0
214566,0
8754,0
32418,0
296383,1
159671,0
171017,0
849929,0
223186,0
46070,0
439963,0
264885,1
227965,0
478806,0
29824,0
48264,0
263555,0
50016,0
15943,0
326805,1
49872,0
322783,0
119376,0
22260,0
331560,1
122871,0
179439,1
271117,0
170633,0
220141,0
285116,0
212744,0
40151,0
145675,0
86960,1
187712,0
26680,0
32661,0
260688,0
883005,0
413789,0
852952,0
370198,1
374317,0
7941,1
159114,0
257016,1
784745,1
59291,0
226134,0
145762,0
252857,0
109859,0
68881,1
60453,1
94176,0
829750,0
44007,0
224449,0
335828,0
204366,1
225840,0
6117,1
44200,1
5303,0
318226,0
352616,0
150832,0
146191,0
167295,0
108362,1
226208,0
370290,1
104237,0
124994,0
845285,0
595185,0
197788,1
67667,0
211366,1
347610,0
81998,0
394555,0
42969,0
435446,1
161915,1
449877,0
206339,0
57325,0
322494,1
207694,0
82828,1
209852,1
878481,1
127636,0
454496,1
369903,0
93368,0
2762,0
209792,0
435591,0
574859,0
51016,0
372480,0
217059,0
62132,0
394865,0
219793,0
90104,0
1205,0
781427,0
844310,0
129140,0
221666,0
35747,0
220753,0
348513,0
208313,0
319295,0
129913,0
372501,0
330553,0
782359,0
463073,0
883797,0
395713,0
56967,0
156522,0
15589,0
394749,0
305698,0
840523,0
465191,0
155268,0
195387,0
151536,0
809476,0
187783,0
228641,0
663,0
185454,0
68875,0
5014,0
140307,0
61917,0
101644,0
719930,0
39050,0
31702,0
168815,1
140885,1
23931,0
10620,0
296990,0
351041,1
260357,0
185627,0
345444,0
659908,0
191279,1
41217,0
382717,0
262071,0
439368,0
885129,0
206901,0
430518,0
190875,0
655291,0
392355,0
106588,0
38616,0
59615,0
76675,0
445536,0
436225,0
426517,0
143701,0
213294,0
755901,0
192739,0
1642,0
836619,0
400704,0
330026,0
814909,0
199462,0
23367,0
59089,0
67480,0
9939,0
117880,0
28096,0
878589,0
99277,1
457332,0
577469,0
542776,0
227441,0
787463,1
79068,0
695590,0
107420,1
423678,1
88296,0
13477,0
40441,1
423200,1
26082,0
207044,0
187075,0
3224,0
52,0
63270,0
410903,0
212336,0
46829,0
88230,0
155727,0
312509,1
314176,1
192795,0
647750,0
101088,0
88209,0
209796,0
207185,0
215781,0
4450,0
48080,0
216172,0
200831,0
88252,0
207446,0
18205,1
24754,0
327583,0
216902,0
177265,1
193164,0
180842,0
666228,0
5666,0
369497,0
1550,1
444997,1
334978,0
117630,0
361473,0
200177,0
848987,0
17348,0
215870,0
389205,0
456211,0
866842,0
61835,1
95863,0
463759,0
15248,1
232189,0
182656,0
813809,0
173001,0
852931,0
384294,0
217149,0
829021,0
198552,0
309327,1
437486,0
221304,0
432097,0
178040,0
124197,0
154496,0
177621,0
762122,0
203818,0
216441,0
229026,0
377132,0
22924,0
356288,0
772543,0
225491,0
191431,0
130111,0
36682,1
201538,1
225614,1
26997,1
168552,0
213058,0
99412,1
173716,0
261841,0
401212,0
441387,1
326064,0
416616,0
10236,0
404208,0
97376,0
140365,0
334150,0
284057,0
8857,1
153068,0
189970,0
24693,0
405435,0
178421,0
457943,0
170682,0
70520,0
83719,0
370887,0
382305,0
206280,0
882881,0
41754,0
107636,1
377245,1
288555,1
1720,0
40342,0
315050,0
205440,0
228784,1
366186,0
730391,0
206170,0
39628,1
150842,0
116475,1
154596,0
635259,0
48914,0
179225,0
41334,0
181705,0
124191,0
369279,0
27521,0
379274,0
728276,0
5077,1
366008,1
878840,0
417856,1
224147,0
11151,0
203798,1
8993,0
244579,0
176956,0
459386,0
14363,1
157826,0
221512,0
856761,0
36469,0
454603,1
212876,1
412467,0
24508,1
149878,0
357728,0
11205,0
1852,0
446311,0
41902,0
789859,0
405835,0
373957,0
40547,0
218489,0
35940,0
219982,0
344933,0
90886,0
208572,0
76853,0
37938,0
500722,0
149876,0
209317,0
90725,0
133625,0
183853,0
214495,0
154022,1
143904,0
71620,0
787320,0
54882,1
16336,0
225860,1
208104,0
8146,0
458264,0
331752,0
1896,0
459652,0
34595,1
373405,1
150213,1
92783,1
23851,0
191419,1
331849,0
122482,0
190329,0
241453,0
287953,0
156621,0
142762,0
413666,0
251597,1
411957,0
214560,0
283003,1
62666,0
194672,0
331376,0
178786,0
426400,0
171298,0
54123,0
182479,0
392860,1
380941,1
343667,0
192105,0
329740,1
9653,0
749753,0
18707,1
18451,0
780070,0
138861,0
390130,0
173421,0
97260,0
36377,0
35995,0
23564,0
337762,0
228806,0
460987,0
362196,1
194468,0
207807,0
236741,0
27260,0
760772,0
77113,0
206573,0
68329,0
205493,0
879610,0
191822,0
197485,0
252745,0
435739,0
5751,0
260213,0
292831,1
343649,1
13391,0
224138,0
797862,0
80884,0
338369,1
23965,0
624891,0
29278,1
188118,0
304646,0
170770,0
431069,0
782569,0
194483,0
437937,0
190664,0
740694,0
97978,0
292705,1
661312,0
453145,0
394312,0
800842,0
23645,0
456609,0
267668,0
456252,0
879521,0
197929,1
182083,1
83615,0
223579,0
220614,0
454297,0
11443,0
130370,0
170331,0
266508,0
219504,0
52967,0
84495,0
51779,0
39334,0
774109,0
162938,0
346281,1
206423,0
203864,0
333228,0
230875,0
553493,0
749402,0
265101,0
378525,0
754582,0
27055,0
452785,0
37286,0
715887,0
9749,0
208939,0
125988,0
27292,0
494713,0
200703,0
374727,0
390118,0
415795,0
313996,0
836432,0
87449,1
350414,1
283928,0
108704,0
242490,1
38287,1
38794,0
300559,0
131530,0
175147,0
234980,0
444660,0
93459,1
430886,0
24323,0
82676,0
452524,0
340688,0
568770,0
141516,0
793559,0
834232,0
110681,0
79534,0
245138,1
6829,0
446359,0
37786,0
36026,0
75904,0
203599,0
45327,0
53863,0
68201,0
335972,0
197351,0
393779,0
861175,0
54289,0
124022,0
206806,0
447043,0
93591,0
688182,0
59398,0
445080,1
214457,0
190937,0
440013,1
28905,0
110912,0
230276,1
103510,0
231746,0
439883,1
22657,0
156715,0
173441,0
5779,0
327404,1
117467,1
33870,0
182380,0
401722,1
18320,0
27818,1
234263,0
181868,0
100284,0
25579,0
386546,1
163972,0
311909,0
27728,0
23934,0
329592,0
217743,0
56159,0
208842,1
348030,0
856536,1
455096,0
795859,0
95868,1
450629,1
211181,0
193231,0
137823,1
357286,0
31846,1
247781,0
38162,0
835792,0
228999,0
161220,0
864573,0
186600,1
209640,0
85422,0
441993,0
19133,0
349688,0
313874,1
447089,1
667481,0
303806,0
406817,0
58917,0
762640,0
203321,0
430573,0
851133,0
67299,0
158572,0
191182,0
176676,0
372766,0
83356,0
171033,0
187500,0
8684,0
82132,1
131701,0
699327,0
41659,1
864324,0
226440,0
133067,1
41497,0
412768,0
448535,0
439193,0
223278,0
202630,0
263831,0
144654,0
122373,0
448767,1
463574,0
216770,0
209357,0
81489,0
210729,0
158245,0
221296,0
145639,0
193105,0
375631,0
858190,0
203243,1
2484,0
228159,0
462268,0
342446,0
33558,0
815063,0
276942,0
134084,0
404339,0
97730,0
256122,0
108028,0
167004,0
186362,0
414687,0
190194,0
380699,0
598926,0
460916,1
13933,0
183239,0
346681,0
114062,0
122303,1
722195,0
375021,1
152475,0
23072,0
96811,0
763119,0
152190,1
10143,0
158283,1
71955,0
392180,0
182064,0
342408,1
89382,0
221580,1
317560,0
64911,0
30434,1
411190,0
15055,0
423796,0
840596,1
34833,0
605764,0
66280,0
38866,1
19910,0
255768,0
463951,0
191423,0
425272,0
60796,0
674840,0
835507,0
56735,0
299068,0
95229,0
448658,0
72226,0
387879,0
95129,0
326541,0
206236,0
171173,1
49544,0
439449,0
153476,1
25443,0
209081,1
71321,0
195625,0
303537,0
215495,0
160569,0
406678,0
390053,0
144287,0
41541,1
77048,0
283,0
14431,1
702549,0
142241,0
370343,0
714479,0
14117,0
1359,1
736066,0
157396,0
14203,0
85693,0
38896,1
3565,0
12354,0
6027,0
115191,0
438785,0
130552,0
760257,0
454958,0
221396,0
179940,0
214808,0
23052,0
227559,0
176722,0
186428,0
814601,0
86045,1
28169,0
883828,0
21610,0
374397,0
326115,0
187652,0
140801,0
3998,1
767927,0
111906,0
186792,0
200604,0
424188,0
92185,0
38060,1
205046,0
422174,0
179275,0
389648,0
192471,0
830015,0
199799,0
135964,1
244633,0
192536,0
41502,0
303758,0
165302,0
414516,0
223520,0
41382,1
137276,0
852711,0
438198,0
724484,0
228231,0
153663,0
401023,0
293710,1
118255,1
55721,0
193542,1
754533,0
18834,0
329126,0
192817,0
298941,0
25096,0
226972,0
834890,0
398985,1
312292,0
293312,0
381894,1
268154,1
173385,0
106898,0
196558,0
41727,0
763507,0
25325,0
112211,1
430552,0
72319,1
706662,0
283025,1
92210,1
143221,0
340616,0
386782,1
104479,0
459482,0
14228,0
359484,0
180193,0
156017,0
516,0
444176,1
357879,1
133523,0
386607,0
104043,0
96714,0
122195,0
152089,0
21977,1
64342,0
181323,0
66781,0
38312,0
10683,1
8079,1
32608,0
67659,0
109477,0
738809,0
25940,0
214186,0
227702,0
41190,0
678953,0
852704,0
8806,0
251082,0
423242,0
76630,0
334023,1
790474,1
185116,1
17317,1
224164,0
193772,0
177061,0
194824,0
205068,1
177494,0
289953,1
115667,1
213277,0
195340,0
201914,0
454895,0
33791,1
217903,0
138749,0
7495,0
118373,0
68121,0
192153,0
22376,0
21881,0
213729,0
103996,0
161069,1
12254,1
332739,0
159873,0
28202,0
221536,0
851496,0
348366,0
57719,0
187112,0
464621,1
300229,1
190766,0
58803,1
216439,0
153921,0
69952,0
2728,1
41554,0
168019,0
202875,1
186832,0
326372,0
465696,0
698240,0
134902,1
107900,1
726359,0
351720,0
353974,0
20674,0
225065,0
377222,1
313258,1
424705,1
90042,1
209341,1
166330,0
37682,0
128493,1
306154,0
417105,0
278114,1
203621,0
148072,0
82518,0
289889,1
14708,0
52701,1
175212,0
303773,1
16582,0
160512,0
15374,0
35941,0
442507,0
209826,0
211254,0
99743,0
352032,1
119413,0
128806,0
394027,0
26096,1
162789,0
112646,0
169280,1
201838,1
55650,0
8603,1
12280,0
129347,1
304551,0
9909,0
456360,0
218342,0
213256,0
148523,0
46781,1
17289,1
438078,0
176893,0
133945,1
724140,0
33385,0
4380,1
215240,0
229009,1
239843,0
134095,0
174526,0
817843,0
365315,0
222252,0
141402,0
15463,0
202824,0
30179,0
209660,0
13291,0
464108,1
126707,0
211152,0
16191,0
342488,0
95178,0
310160,0
203368,0
101712,0
370075,1
300443,1
228739,0
143240,0
852193,0
218549,0
178281,0
204496,0
332899,0
97665,0
178905,0
8069,0
76476,0
33336,0
346416,1
404890,1
33270,0
310561,0
166329,0
319937,0
221262,1
53656,1
27890,0
433887,0
786534,0
9328,0
102830,1
437096,0
96428,0
23337,0
347163,0
93681,0
206914,0
194226,0
247983,0
304748,1
64981,0
181103,1
2160,0
244716,0
77761,0
188657,0
848715,0
62078,0
38370,0
230304,0
250899,0
181959,1
333081,1
213362,0
19656,0
408146,0
739437,0
744327,1
18526,1
357242,0
183996,0
129682,0
210031,1
125418,0
32729,0
195749,0
27009,0
121704,0
32968,1
27129,1
194894,0
17721,0
32960,0
61590,1
303125,0
150415,0
205955,0
110700,0
58377,0
10866,1
13428,0
302869,0
15326,1
76705,0
378756,0
191110,1
48863,0
195734,0
264982,1
689649,0
403097,0
425049,0
222129,0
420665,0
421953,0
429598,0
125168,1
188578,0
221549,1
876062,0
381592,0
122676,0
202178,0
464614,0
159996,0
194084,0
125915,0
80953,0
464611,0
452705,0
99222,0
224127,0
45194,0
402108,1
201275,0
208053,0
207264,0
793769,0
196680,0
172713,0
27044,0
171939,0
82170,0
174846,0
10613,0
354185,0
116644,0
220264,0
884210,0
4147,0
136162,0
28502,0
526319,0
172352,0
115519,0
174733,0
197113,1
117945,0
421079,1
24170,0
32724,0
184670,0
60929,0
626340,0
112429,1
228524,0
91153,0
11642,0
176440,0
186541,0
139167,1
427219,0
21086,0
406269,0
19262,1
221433,0
58097,0
382698,1
230572,0
38675,0
33390,0
233144,0
107659,0
172227,0
386950,0
21390,0
59363,0
318707,0
804369,0
163478,0
127155,0
11706,1
16700,0
137191,0
178900,0
4849,0
16847,0
219191,0
386352,0
61832,0
749811,0
86612,1
193097,0
821338,0
217294,0
416883,0
14531,0
859236,0
144256,0
388366,0
157486,0
160175,0
177334,0
874614,0
778623,0
407000,0
4322,0
307723,0
218964,0
137880,0
200147,0
2483,0
797678,0
296867,1
206998,0
115508,0
29966,0
351723,0
202416,0
827663,0
447093,0
282654,0
35510,0
798353,0
229630,0
323131,0
8014,0
24135,0
39566,0
46798,1
213310,0
875020,1
569,1
840628,0
454134,1
449411,0
37655,0
875572,0
14114,0
798429,0
105493,0
36790,0
199574,1
229327,1
502425,0
434769,0
186922,0
27650,0
1652,0
171458,1
118113,1
257639,0
431413,1
47869,0
800514,1
337242,1
131057,0
182662,0
30718,0
205351,0
200628,0
116359,1
107507,1
347036,0
29295,1
119348,0
155693,1
156099,1
136506,1
108985,0
218970,0
314093,0
11473,0
100882,1
292254,0
184359,0
435774,0
133477,1
147005,1
224027,0
373207,1
462074,0
345903,1
412386,0
101268,0
162591,1
444221,0
424519,1
5428,1
90753,0
114983,0
225144,0
750582,1
505777,0
422724,0
397786,0
384641,0
151945,0
192863,0
395005,0
130613,0
94321,1
94511,0
53216,0
162856,0
92298,0
18583,0
199255,0
222960,0
141658,1
161984,0
446775,0
148739,1
202673,1
6377,0
178413,0
19946,0
212793,0
313332,0
384839,0
682702,1
450335,0
340497,1
841158,0
24592,1
372483,0
64359,0
9832,0
226713,0
79652,0
181398,0
24085,0
727293,0
320494,0
4669,1
104136,0
75450,0
19621,0
148655,0
199411,0
410691,0
402176,0
461520,1
33105,0
161075,0
224285,1
31327,0
38124,0
199947,0
439463,1
56212,0
462689,0
17752,0
77735,0
4746,0
414710,0
174984,0
88600,0
298847,0
794242,0
110291,1
275617,0
185550,0
189734,0
228615,1
13936,0
117518,0
407671,0
245252,0
34058,0
173295,1
406631,1
222269,0
187394,0
204065,0
762239,0
376902,1
116976,0
427895,0
34207,0
115848,0
67507,0
178711,0
427320,0
334308,0
23160,0
176600,1
753091,0
17054,0
130962,0
25916,0
20243,0
42291,0
217033,0
446005,0
41578,1
264301,0
185973,0
255859,0
218991,1
305777,0
211429,0
244423,0
221945,0
33656,0
363927,0
188701,1
349676,0
216054,0
228165,0
120515,1
342866,0
55500,1
243556,1
384336,0
336952,0
183817,1
226236,0
804063,0
821161,1
54341,0
214513,0
218738,0
260912,0
207148,0
291592,0
650203,0
28557,0
53462,0
864551,1
181190,1
162975,0
204050,0
765519,0
270588,0
316138,0
182496,0
360775,1
432005,0
46042,0
436194,1
291539,1
179357,0
757123,0
244647,1
193304,0
198422,0
792028,0
38053,1
850449,0
288029,1
142789,0
284154,0
79619,0
392598,0
456769,0
378270,0
152038,0
92058,0
93597,1
216234,0
885990,1
404001,1
94367,0
396491,0
8384,0
167708,0
187722,0
447936,0
881229,1
806400,0
176312,0
451537,0
866111,0
31041,0
17515,0
143750,0
400519,0
114360,0
195238,0
37205,0
417680,1
297886,0
77261,0
825347,0
158759,0
121504,0
191264,0
273076,0
191100,0
404572,0
442473,0
157041,0
182378,0
322398,0
7405,0
175792,1
848746,0
417673,1
716481,0
131261,0
863523,0
440117,0
427873,0
402224,1
8,1
459873,0
653620,0
16392,0
15083,0
864138,0
30155,0
353456,0
62892,0
232635,0
33966,0
877599,0
767093,0
302981,0
385347,0
2164,0
79386,1
32179,0
430308,0
459732,0
166448,1
68923,0
209538,0
391029,0
73261,1
245845,0
147209,0
78249,0
261269,1
212899,0
379568,0
151200,0
178224,0
100586,0
26382,0
442512,0
227643,0
554183,0
228277,0
11746,1
50811,0
217868,1
61688,0
163772,0
218713,0
154703,0
77929,1
823987,0
297460,0
208349,0
234084,0
829686,0
309943,1
420632,0
357078,0
57055,0
346291,0
313618,0
205826,0
458217,0
430251,0
445764,0
18170,0
167336,0
17989,0
809872,0
305540,0
363594,0
379215,0
85449,0
401357,0
46435,0
29638,0
340405,0
210407,0
164711,1
13851,0
85988,0
402717,1
35545,0
67729,1
26634,0
723446,0
17011,0
365441,0
385860,0
2326,0
355468,0
121089,0
455254,0
114104,0
211367,0
156124,0
383553,0
453446,0
1123,1
229745,0
799929,0
462480,0
22989,0
7202,0
198191,0
23268,0
345330,1
400307,0
438983,0
68560,0
31980,0
363773,0
207289,0
97459,0
848435,0
1029,0
146760,0
61733,1
6758,1
31371,0
29178,0
430161,1
42835,0
74031,0
214512,0
879302,0
411059,0
353592,0
209382,0
115352,0
32559,0
61574,0
7728,0
31168,0
37756,0
400619,0
214525,0
223543,0
66700,1
70261,1
278115,0
43803,0
453836,0
353461,0
144941,0
337201,0
102047,0
101733,0
292356,1
129572,1
132422,1
104295,0
227427,1
380712,0
243774,0
8104,0
181383,0
119561,1
124192,0
158971,0
226243,0
720817,0
28164,0
261033,0
60271,0
176391,0
372365,0
93203,0
103703,0
32667,0
435152,0
58847,0
730829,0
199686,0
369405,0
206131,0
9436,0
216251,1
92773,0
706340,0
40395,0
28097,0
188700,0
29804,1
80165,0
415035,0
41280,0
173590,0
855438,1
93477,0
175502,0
330644,1
450138,0
681785,0
21496,0
418199,0
13848,0
218555,0
179703,0
730953,0
207538,0
425445,0
160637,1
50663,0
400437,1
185954,0
333234,0
203097,1
143454,0
39272,0
89485,0
219519,0
414095,0
204981,0
28833,0
741845,0
213215,1
216193,0
692628,1
126545,1
389267,0
453249,0
56530,0
748811,0
194508,0
95345,1
63494,1
213846,1
385349,0
127130,0
78513,0
202304,0
368952,1
8771,0
376499,1
174728,1
15731,0
118745,1
179694,0
38963,0
161792,0
277210,0
314502,0
872170,0
78647,0
42640,0
21960,0
131852,0
204587,0
200135,1
54848,1
353369,0
38000,0
771730,0
136438,0
33120,0
163143,1
179874,0
124822,1
399170,0
58447,0
175066,0
692809,0
868002,0
228184,1
53848,1
182227,1
808006,0
19883,0
796246,1
24557,0
40857,1
223342,0
37586,0
176864,0
420711,1
216628,0
15930,0
144474,1
152357,1
819909,0
70207,1
11314,0
873479,0
402882,0
24502,0
2566,0
869038,0
353642,0
745774,0
222658,1
17309,0
304700,0
70776,1
428142,0
47083,1
225875,0
82904,1
229754,0
773104,0
811671,0
228040,0
750798,0
779888,0
62604,0
170483,0
417065,0
226572,0
429185,0
89047,1
23558,0
172615,1
70821,0
195349,0
687024,0
231158,0
411210,0
825781,1
11273,0
14487,0
11766,0
277187,1
445240,0
207556,1
17120,0
774715,0
28838,0
36541,0
200368,0
439520,0
260351,0
281004,0
285172,0
17508,0
222566,0
169298,0
394725,0
350196,0
6402,0
138025,1
823580,0
324790,0
73828,0
105386,0
315010,1
393248,1
429903,0
223847,0
874792,0
206187,0
878171,0
352740,0
74769,0
147387,1
135995,0
207400,0
752288,0
210396,0
36910,0
402823,1
615212,0
104389,0
885302,0
114939,0
585136,0
193443,0
59005,0
33260,0
226168,0
136479,0
150982,1
179425,1
374808,0
37856,0
869568,1
171818,1
88264,0
19078,1
428852,0
184394,0
578658,0
91901,1
160857,0
215456,0
236520,0
209920,0
203568,0
451209,1
17018,0
132621,0
33706,0
131531,1
93069,0
296833,0
824608,0
303854,0
207392,0
160182,0
731216,0
178034,0
402690,0
11291,0
36812,0
213279,0
124330,0
158349,0
87926,0
46537,0
329706,0
195695,0
270330,0
216479,0
238085,0
26597,0
104549,1
154597,0
835331,1
21549,0
220518,0
111912,1
340248,0
97437,1
751182,0
346143,0
52699,1
158884,0
186812,0
160426,0
125468,0
222148,0
76472,1
172679,0
376182,0
140060,0
77360,1
177711,1
69544,0
19912,0
118337,0
15122,1
197476,0
78596,0
167314,1
434422,0
307283,0
22544,0
355218,0
368040,1
19630,0
427570,0
140535,0
354293,0
86035,0
152980,0
143301,1
220090,0
202674,0
386112,0
21513,0
366981,0
424927,1
140512,0
357760,0
326758,0
322821,0
169979,1
5858,0
17622,0
215416,0
176454,0
104903,0
344677,0
226844,1
92598,0
197816,0
9812,1
443254,0
109951,1
458868,0
1328,0
301424,0
787095,0
874271,0
11577,0
7926,0
40075,1
39805,0
457319,0
208175,1
7615,1
74445,0
33226,0
30971,0
423591,0
50166,0
76193,0
84310,0
291660,0
35641,0
195428,0
277456,0
220626,0
343,0
40733,0
833678,1
108246,1
166593,0
843883,0
69197,0
190119,0
223357,0
217564,0
456841,0
156211,0
224560,0
235583,0
431963,0
365956,0
458843,0
338981,1
422337,0
92468,0
403486,0
125853,0
865334,0
185575,0
168719,0
175900,0
143085,0
36436,0
71237,0
109710,0
5621,0
60708,0
141114,0
831587,0
110480,0
345763,0
88883,0
241210,0
311492,0
413784,1
282727,1
670548,0
255013,0
39837,0
864795,0
884276,0
8583,0
649727,0
76432,0
820481,0
143277,0
6127,0
91815,0
31713,0
6904,0
818017,0
447967,0
224136,1
84715,1
8949,1
287346,0
11426,0
200260,0
228808,0
358921,0
149941,0
8176,0
147752,0
24539,0
159097,0
384801,0
427631,0
866865,0
138522,0
180186,0
117444,0
171972,0
71425,0
266808,0
38210,0
88201,1
132228,0
886383,1
145107,1
188209,0
52503,0
160943,0
423628,0
92583,0
330848,0
154187,1
63387,0
52048,0
406572,0
876969,0
48175,0
188472,0
816003,1
78779,1
218251,0
12959,0
819708,0
356207,0
180035,0
162282,0
35364,0
9604,0
122252,1
205013,1
431598,1
535847,0
285615,1
150845,0
401519,0
147869,0
108222,0
77238,1
101324,0
23390,0
335785,0
5389,0
412775,0
86488,0
39529,0
166755,1
180172,0
197776,1
229462,0
225240,0
451248,0
148898,1
361695,0
14733,0
114040,0
881407,0
148674,0
44069,0
39535,0
155389,0
31114,0
104842,0
197956,0
202491,0
180478,0
385934,0
251582,1
466257,0
37615,1
135892,0
34198,0
774157,1
113792,0
8801,0
166632,0
85837,0
141879,0
313214,0
76787,1
112865,0
3205,0
361530,0
87082,0
410863,1
144461,0
279535,0
64869,0
123000,0
177941,0
27643,0
198934,0
116202,0
775814,0
8440,0
218144,0
55728,0
205472,0
70453,0
149597,1
63224,0
28710,0
400736,0
357243,0
325545,0
757052,0
28357,0
53567,1
181993,0
418455,0
226745,0
200886,0
842645,0
204454,1
284479,0
320102,0
866643,1
229364,0
27089,1
222899,0
810919,1
84435,0
352488,1
41345,0
406053,0
779181,0
42079,0
756902,0
261565,1
4510,0
175226,0
322482,1
245487,0
854984,0
449333,1
116238,0
304469,1
394841,0
116256,0
433115,0
318293,0
39842,0
149186,0
394806,0
428274,1
2057,0
169471,0
1982,1
177972,0
288,0
182170,0
8025,0
130744,1
28544,0
226487,0
138536,0
386459,0
443118,0
222044,0
202126,0
180718,0
508548,0
435704,0
117230,0
348916,0
171435,0
444897,0
781990,0
120887,0
251590,1
153465,0
91010,0
870196,0
181483,0
342347,0
34354,0
201285,0
59973,0
146579,0
885588,0
31088,0
848072,1
222525,0
191415,0
222896,0
11201,0
873249,1
413603,0
51091,1
219759,0
429145,1
116242,1
774620,1
210805,0
144278,0
347775,0
195455,0
215124,0
123627,0
17030,1
25966,0
314774,0
191851,0
209600,0
177016,0
389993,0
345196,1
414600,1
855373,0
4798,1
820820,0
40009,0
116156,1
24957,0
210502,0
448579,0
139368,0
447983,1
871679,0
53014,0
8289,0
8409,0
101920,0
63163,1
207106,1
845064,0
380040,0
125627,0
197110,0
210473,0
249534,0
153016,0
209041,0
128689,0
36800,0
193743,1
854338,0
14173,1
218728,0
403280,0
190825,0
116743,0
429905,0
275847,0
148929,0
2546,0
322457,0
393403,0
18688,0
334784,1
33089,0
141501,0
808834,0
76615,1
196419,0
216855,0
118730,1
506952,0
85928,0
361266,0
84650,0
562166,0
169805,0
350889,0
805524,0
203771,0
247907,1
384870,0
196319,0
454714,0
37481,0
282932,1
405,0
73889,0
77588,0
191403,0
315652,0
97788,0
361061,0
190992,0
381298,0
463360,0
69584,0
276770,0
207003,0
12146,1
27380,1
305736,1
60624,0
289035,0
182310,0
45114,0
57388,0
403949,0
438636,0
726914,0
215884,0
460738,0
872866,0
158310,0
289161,0
219656,1
219474,1
153173,0
808445,1
23963,0
168678,0
83242,0
284198,0
874444,0
138754,0
135188,0
203385,0
107019,0
186728,0
200692,0
255817,0
228106,0
91563,0
130015,0
317720,0
130311,0
19829,0
394487,0
187577,0
161817,0
209140,0
169704,0
214383,1
160144,1
219852,0
210331,0
92584,1
110161,1
223576,0
252252,0
85816,0
52120,0
80928,1
7282,1
202526,0
596732,0
727455,0
751597,0
28237,0
63558,0
17806,0
124334,0
198036,0
47071,1
376252,0
877383,0
119225,0
316142,0
320113,1
202237,0
419147,0
162349,0
145226,0
422644,0
725796,0
62872,0
813251,1
9682,0
171450,1
388136,0
330543,1
233217,0
144123,1
449306,1
54702,0
437149,0
442642,0
37109,0
230067,1
498606,0
53310,0
26755,0
184014,1
611880,0
155463,0
375139,1
15378,0
847513,0
0,0
428360,0
398833,0
827682,1
32042,0
187320,1
773170,0
144318,0
823138,0
38732,0
351719,0
424115,1
199631,0
373689,0
50701,0
439195,0
357450,0
151077,0
868114,0
65117,1
23826,0
123233,0
725545,0
269904,0
34379,0
860711,0
334146,0
136517,1
447768,1
198199,0
233,0
199461,1
400237,1
85708,0
366742,0
125609,0
2204,0
16826,0
178021,0
465932,0
68424,0
195538,0
458329,1
705214,0
180534,0
443151,0
700535,0
390822,1
726002,1
11419,0
209355,0
6721,0
214353,0
172889,0
193316,0
147937,1
39363,0
315767,0
135750,0
339948,0
195308,0
181607,1
132052,1
185849,1
71355,0
120369,1
198587,0
664,0
67759,0
423441,1
416145,0
24636,0
3865,0
26940,0
40799,1
191089,1
51594,0
440157,0
388336,0
225310,0
178698,0
810286,0
27828,0
98549,0
309986,0
225277,0
183444,0
226080,0
159377,0
223001,0
182789,1
194113,0
701553,0
444461,0
298890,1
2152,0
205614,0
448115,0
182767,0
701111,0
29344,1
67595,0
25609,0
13300,0
459702,0
190361,0
230055,0
58755,0
179540,0
97814,0
328308,0
466047,0
188387,0
443766,0
18762,0
8209,0
231335,0
205392,0
222142,1
431996,0
119784,0
6253,0
75653,0
184399,0
535625,0
30960,0
134054,0
221329,0
30006,1
83833,0
136078,0
181830,1
348698,1
439518,1
34721,0
137992,0
220660,0
742901,0
850232,0
174146,0
811728,0
197333,0
303555,0
445964,0
176209,0
223339,1
84580,0
138554,1
3373,0
674677,0
127311,1
209995,0
119046,0
9960,0
131083,0
204458,0
223139,1
229334,0
192888,0
192847,0
342567,0
1274,0
344796,0
222447,0
26381,1
165619,1
61280,0
49995,0
20991,0
348852,1
221316,0
196528,0
80871,1
149618,0
142960,1
348307,1
746588,1
259842,0
10880,0
34127,0
217395,0
682867,1
213079,0
189656,0
274885,0
102282,0
283085,0
47259,1
98413,0
211783,0
86144,1
363610,0
412902,0
278387,0
429962,0
128353,0
339955,0
142370,1
17326,0
195276,0
203032,0
18213,0
142232,0
133198,0
63446,0
30584,0
365715,1
86985,0
153130,0
380001,1
206066,1
89529,0
190411,0
219575,0
224080,0
146777,0
227904,0
437179,0
129657,0
237661,0
153105,0
174867,1
40568,0
22858,1
164314,0
40723,0
25544,0
120359,0
600535,0
18577,0
19152,0
230064,0
133943,0
97895,0
352262,0
7627,0
63104,0
468863,0
311729,0
310159,0
703383,0
212854,1
109517,0
35919,0
174992,0
416449,0
214703,1
295139,0
321892,0
28677,1
462243,0
92983,0
223422,1
107617,0
205664,0
303196,0
326385,0
369671,0
107776,0
187361,0
103652,1
76515,0
158090,0
380235,1
198198,0
842346,0
25777,0
61317,0
141021,0
283250,0
118092,0
435756,0
145870,0
146426,0
69295,0
191957,0
34385,0
197844,0
217489,1
308447,0
62698,0
266633,0
254867,0
757170,0
186681,0
29843,0
423380,0
849530,0
306268,0
793735,0
140278,0
368615,0
217397,0
219148,0
170828,0
300575,1
37058,0
109010,0
161628,0
12074,1
419554,0
27907,0
283678,0
341487,0
399096,0
120667,0
221930,0
815814,0
327086,0
791685,1
150908,1
69944,0
418918,0
20229,0
845547,1
857282,0
349255,0
884391,0
432715,0
31109,0
103343,0
121792,1
294190,0
203313,0
263764,0
138438,1
404875,0
98822,0
60200,0
360142,0
365137,0
31108,0
220479,0
438541,0
98394,1
747529,1
405250,1
66991,0
329178,0
3735,0
160310,0
248702,1
274016,0
498,0
79165,0
71045,1
176686,0
294785,1
450578,0
86795,0
125730,1
202131,1
225598,0
32226,0
365490,0
217265,1
140797,0
382214,0
408252,0
30984,0
325798,0
209930,0
163603,0
325800,0
859422,0
190425,1
22605,0
142795,0
441804,0
164484,0
450511,0
209085,0
619791,0
428608,0
111910,0
104105,0
202136,0
14051,1
165651,0
288134,0
15883,1
29214,0
456754,0
382414,0
162279,0
23257,0
456370,0
19974,0
219342,0
352732,0
117668,0
137663,1
182869,0
424919,1
81585,0
617082,0
862142,0
367009,1
225704,0
427757,0
135033,0
860181,0
131721,0
175195,0
116098,0
455972,0
222779,0
451809,0
194395,0
186176,0
77500,0
401036,1
505956,0
19249,0
14355,1
184595,0
18302,0
220319,0
96314,0
366352,1
866846,0
221119,0
190349,0
79979,1
708130,0
22020,0
414317,0
278902,0
420876,0
711440,0
204963,0
171921,0
37025,0
308284,0
436778,0
89419,0
169289,0
807680,0
370989,0
11046,0
100829,0
183034,0
183424,1
88184,0
318462,0
128148,0
96229,1
18043,0
26060,0
233464,1
261872,1
424418,0
22209,0
329613,0
29664,1
150843,1
34937,0
173888,0
179157,1
176626,0
95036,0
398282,0
384769,1
797536,0
189288,0
7879,0
376447,0
173810,0
171792,0
211826,0
858557,0
29232,0
197428,0
15216,0
74231,0
461463,0
100843,0
465466,0
330056,0
121585,0
456358,1
186956,0
143989,1
23383,0
817772,0
14443,0
188787,0
101033,0
78331,0
48786,0
85523,0
190317,1
162364,1
224272,1
801070,0
163399,0
853036,0
185372,0
89548,0
21790,0
332876,0
147444,0
155195,0
177849,0
184319,0
11589,0
192006,0
182533,0
196491,0
40292,0
93325,0
145423,0
106702,1
369845,0
41061,0
82657,0
418582,0
191482,0
846022,0
115457,0
23253,0
213141,0
193132,0
226589,0
242178,0
103097,0
411802,0
337446,1
588428,0
881663,0
200048,0
227566,0
35682,0
97208,0
803218,1
12248,0
448014,0
315819,0
386748,0
455777,0
401229,0
394044,0
152426,1
85999,0
193982,0
266183,0
180622,0
96533,0
444304,0
334271,0
229140,0
4792,0
196087,0
218201,0
765094,0
873561,0
50121,0
81431,0
6036,0
301885,0
116060,0
64290,1
82365,0
120374,0
704601,0
86347,0
226980,0
103500,0
796516,0
121163,0
61087,0
864236,0
91669,0
774351,0
352934,1
288142,0
450289,0
672205,0
23199,0
223053,1
205761,0
180082,0
353259,0
36290,0
160063,1
30771,0
466087,1
207364,0
366909,0
37675,0
361452,0
294267,0
377396,0
310730,0
62815,1
215134,0
45697,1
429882,0
113270,1
210082,0
397463,0
195001,1
214506,1
187837,0
51923,0
21224,1
444939,0
215595,0
136959,0
426932,0
139930,0
837029,0
396937,0
32404,0
15627,0
194259,0
120295,0
97132,1
26122,0
203500,0
1013,0
448431,1
170896,0
368818,1
168011,0
156222,0
176699,1
79313,0
194533,0
79680,0
38700,0
715161,0
288300,0
193820,1
186958,0
103807,1
197449,0
5476,1
436063,1
142613,0
384352,0
358689,0
17271,0
7735,0
146215,0
226417,1
26833,0
255595,0
73801,0
217680,0
444293,0
881750,1
312965,0
419321,0
12434,0
66577,1
177712,0
192544,0
68839,0
182497,0
205857,0
53631,0
152848,0
823194,1
172946,0
236880,0
224190,0
87382,0
887124,0
175255,1
374584,0
72632,0
191091,0
3479,0
1724,0
432241,1
219049,0
185143,0
215806,0
93554,0
75547,0
97240,0
10959,0
202889,0
94643,1
13124,0
278093,0
442256,0
113391,0
415904,0
362060,0
52128,1
168670,0
42444,0
446221,0
81725,0
112159,1
229932,0
93401,0
82462,0
816343,0
235037,1
154680,1
427517,0
91801,0
868754,0
106662,0
387792,0
205860,0
298345,1
387749,0
206106,0
310769,0
153839,0
128428,0
211715,0
460478,0
858723,0
410384,1
97022,0
14778,0
338220,0
433985,0
388560,0
139975,0
403963,0
446617,0
374123,0
38458,0
357595,0
27278,0
96770,0
145874,0
142350,0
175178,0
3408,1
91710,0
97205,1
29384,0
72295,1
29566,0
450580,1
44995,1
220749,0
218880,0
89925,0
106130,0
55983,1
278762,0
133127,0
89841,0
177369,1
364363,0
164858,0
190635,0
3931,0
769600,0
129458,0
186239,0
110638,0
72265,1
142717,0
94415,1
390054,0
659477,0
69003,0
34914,0
168171,0
316277,0
120934,0
199926,0
171875,0
211305,0
31157,0
807032,0
168067,1
421642,0
129209,0
752558,1
403912,0
125612,0
866255,0
206514,0
127553,0
327762,0
405414,0
5889,0
320006,1
342638,1
43400,1
42288,1
340126,1
212490,0
447879,0
145368,0
41896,1
124724,0
570052,0
357510,0
69601,1
377062,1
112800,0
879677,0
410875,0
175944,1
34750,0
443169,0
297506,0
396361,0
190146,0
173700,0
123025,0
198005,0
192872,0
639006,0
433618,1
133422,0
865734,0
62668,0
38151,0
211330,0
225085,0
198095,0
362484,0
804979,0
446879,1
215940,0
758287,0
32246,0
312792,0
340864,1
344360,0
36937,0
64617,0
228690,0
224832,0
300419,0
29861,0
52516,1
185987,0
826734,0
139807,0
148427,0
187134,0
119378,0
705968,0
204938,0
828,0
828686,0
184367,0
444988,0
294810,0
294347,0
103210,0
215957,0
174218,0
840321,0
215485,1
218391,0
198180,0
160387,0
758206,0
196126,1
10273,0
44061,0
839272,0
12362,1
27705,0
208305,0
109180,1
197288,0
80463,0
33767,0
408950,0
873147,0
57011,0
71392,1
28039,0
430305,0
11171,0
145324,0
76735,0
358017,0
126894,0
373639,0
33736,0
25971,0
140932,1
826654,1
753652,0
224721,1
19161,0
370411,0
133716,0
27103,0
8800,1
360864,0
184433,0
200541,0
343233,0
126269,0
84400,1
14480,0
845180,0
280143,1
868658,0
177685,0
171192,0
183830,0
373233,0
821528,1
675303,0
678971,0
205492,0
344038,0
325151,0
417006,1
223679,0
423368,0
180262,0
207420,0
186241,0
879967,0
177945,0
130762,0
448145,0
215239,0
309138,0
99603,0
391081,0
34235,0
299958,0
365234,0
413066,0
21436,0
395661,0
858669,1
848480,0
235724,0
247897,0
166854,0
178254,0
89909,0
196897,0
230224,0
452191,0
33553,0
391327,0
444194,1
316377,0
416950,0
234837,0
218122,0
324297,0
410732,0
366690,0
63452,0
173439,0
459946,0
207107,0
93857,1
697582,0
549993,0
164655,0
145589,0
187503,1
249845,0
128238,0
388298,0
231261,0
805607,0
446509,0
386763,1
33493,1
156819,0
133987,0
128214,0
204796,0
140836,1
66421,0
342455,0
811016,0
774510,0
8985,0
224574,0
832603,0
216470,0
108686,0
198256,0
343445,0
226542,0
179890,0
41974,0
39534,0
579499,0
155834,0
142314,0
105125,0
332921,0
356014,1
829783,1
142348,0
203266,0
18684,1
392261,1
23331,0
146868,0
214228,0
130976,1
300404,0
441345,1
340100,1
817022,0
15407,0
704491,0
54940,0
192613,0
142198,0
331221,0
195006,1
76647,1
176972,0
644717,0
144390,0
40044,1
11027,0
92919,0
856134,0
304521,0
98,0
576935,0
748179,0
205220,0
207022,0
373783,0
23388,0
228046,0
8154,0
852143,0
361840,0
101426,0
139630,0
201448,0
33411,0
185084,0
195110,0
301642,0
207356,0
2576,0
114128,0
339620,1
393916,0
110982,0
772263,1
381164,1
201487,0
879217,0
367950,0
176117,0
777231,0
609984,0
180676,0
33846,1
439,0
428417,0
633496,0
106560,0
19610,0
154357,1
170171,0
415264,0
279136,0
51876,1
860083,1
226886,1
39092,0
276187,0
212191,0
173443,0
6473,0
258326,0
91607,0
172564,0
205702,0
767802,0
226697,0
96328,0
877329,1
312515,0
227080,0
706951,0
44949,1
218296,0
126625,1
75874,0
189148,0
217362,0
107782,0
195592,0
70324,0
193747,0
121532,0
805438,0
385870,0
12115,0
134648,1
718074,0
169142,0
84731,0
408471,0
26309,0
71774,0
789698,0
120317,0
92600,0
134759,1
79803,0
246871,0
130964,1
36562,0
142269,0
406584,1
168732,0
98644,0
7750,0
3477,0
161713,0
199662,0
447016,1
160958,0
132924,1
10306,0
33039,0
116956,0
31632,0
137706,0
209885,1
38827,0
214690,0
809297,1
764858,0
279882,0
151871,0
439279,0
95962,1
99852,0
45321,1
174440,0
204216,0
383516,0
62511,0
209595,0
194913,0
117618,0
352546,0
836050,0
407917,0
28697,0
393873,1
172951,0
219402,0
36087,0
713199,0
297145,0
160788,0
398130,0
202638,0
37608,0
175438,0
405346,0
405312,0
199907,0
467,0
124087,0
37199,1
217850,0
185007,0
331137,0
425908,0
451234,0
208845,0
31450,0
18941,0
783924,0
459279,0
674524,0
179160,1
60678,1
325419,1
207245,0
400785,0
736148,0
326997,1
205569,0
276239,0
2952,0
372224,0
35548,0
163292,0
41695,1
653606,0
147928,1
127886,0
418092,0
30852,0
91523,0
48587,0
839182,0
183235,0
179258,0
130601,0
37329,0
170946,0
223322,0
378020,0
392070,1
65367,0
126830,0
204270,0
449480,0
459619,1
60425,0
9254,0
7233,0
731232,0
187544,0
802188,0
136178,0
75792,0
450783,1
225957,0
115807,0
75459,0
190606,1
841515,0
153902,0
38005,0
455506,1
108089,1
355624,0
122055,0
675003,0
95252,1
62093,0
220640,0
199612,0
82124,0
136048,1
180455,0
613453,0
202250,1
453488,1
210256,0
407070,1
7827,1
204876,1
143698,0
214673,1
458439,1
152842,1
68734,0
877490,0
137094,0
73817,0
27298,0
790881,0
422708,1
27590,0
146321,1
174969,0
51466,0
430849,1
449886,0
214167,0
301883,0
205639,1
786373,0
388112,1
362907,0
434949,0
223171,0
15503,1
193397,0
185704,0
185710,0
46181,0
379940,0
114416,0
354170,0
227311,1
288979,0
62964,1
149489,0
4592,0
20809,0
54421,0
118595,0
187328,0
210008,0
230472,1
309027,0
40657,0
905,0
95568,0
264109,0
383883,1
786505,0
203241,0
257110,0
201512,0
219964,0
29923,0
345110,0
223057,0
250181,1
873404,0
383276,0
30399,0
124568,1
150989,0
227088,0
114841,1
44542,0
193868,1
405417,0
62584,0
404979,0
216626,0
91179,0
167063,0
764303,0
323112,0
454667,0
321304,0
440818,0
105152,0
463434,0
45407,0
433930,0
26336,0
72296,0
176761,0
4314,0
190855,0
353616,1
84176,1
206961,0
376315,1
641,0
388884,1
309769,0
433221,0
157746,0
14895,0
120589,0
606931,0
250962,0
226842,1
204822,0
220301,0
79707,1
329682,0
79069,0
57211,0
418875,0
79820,0
218721,0
70336,1
26405,0
159460,0
29670,0
284315,0
212358,0
294701,0
119068,0
392112,0
124619,0
349888,0
745177,0
201150,1
133655,1
433771,0
363576,0
202048,1
265740,1
12230,0
152439,0
166338,1
373277,1
160125,0
229571,0
420174,0
131999,0
712711,0
463587,0
445146,0
705375,0
180570,0
349004,0
23509,0
142360,0
385491,0
814957,0
132443,0
135036,1
819560,1
47664,0
211726,0
147260,0
35174,0
415388,0
206534,0
27130,0
229265,0
94281,0
181709,0
342301,1
14444,0
25377,0
146451,0
287608,0
32776,0
397721,1
411764,0
172457,1
21625,0
444249,0
417157,0
10342,0
389583,0
335509,0
169339,1
289647,1
262178,0
399986,0
57324,1
36795,0
38882,0
436379,1
113913,0
103069,0
419271,0
171906,0
721068,0
206939,0
141498,0
153749,0
147839,0
269846,0
73095,1
351286,0
84270,0
169300,0
104255,0
201505,0
190325,0
225692,1
80500,1
28562,0
148555,1
124309,0
141266,1
109740,0
181322,1
88641,0
59952,1
114070,0
435278,1
111199,1
77081,1
203731,0
759888,0
31155,0
623010,0
32636,1
88007,0
445076,0
26387,0
117434,0
171011,0
66876,0
